Eval_AverageReturn,Eval_StdReturn,Eval_MaxReturn,Eval_MinReturn,Eval_AverageEpLen,step,Train_EpisodeReturn,Train_EpisodeLen,actor_loss,entropy,critic_loss,q_values,target_values,alpha,alpha_loss,actor_lr,critic_lr,temperature
6.3,3.407345,14.0,3.0,6.3,0,,,,,,,,,,,,
,,,,,5,6.0,6,,,,,,,,,,
,,,,,10,5.0,5,,,,,,,,,,
,,,,,14,4.0,4,,,,,,,,,,
,,,,,22,8.0,8,,,,,,,,,,
,,,,,28,6.0,6,,,,,,,,,,
,,,,,32,4.0,4,,,,,,,,,,
,,,,,36,4.0,4,,,,,,,,,,
,,,,,39,3.0,3,,,,,,,,,,
,,,,,42,3.0,3,,,,,,,,,,
,,,,,48,6.0,6,,,,,,,,,,
,,,,,54,6.0,6,,,,,,,,,,
,,,,,59,5.0,5,,,,,,,,,,
,,,,,72,13.0,13,,,,,,,,,,
,,,,,77,5.0,5,,,,,,,,,,
,,,,,80,3.0,3,,,,,,,,,,
,,,,,91,11.0,11,,,,,,,,,,
,,,,,113,22.0,22,,,,,,,,,,
,,,,,125,12.0,12,,,,,,,,,,
,,,,,129,4.0,4,,,,,,,,,,
,,,,,135,6.0,6,,,,,,,,,,
,,,,,142,7.0,7,,,,,,,,,,
,,,,,146,4.0,4,,,,,,,,,,
,,,,,151,5.0,5,,,,,,,,,,
,,,,,165,14.0,14,,,,,,,,,,
,,,,,170,5.0,5,,,,,,,,,,
,,,,,182,12.0,12,,,,,,,,,,
,,,,,186,4.0,4,,,,,,,,,,
,,,,,191,5.0,5,,,,,,,,,,
,,,,,200,9.0,9,,,,,,,,,,
,,,,,203,3.0,3,,,,,,,,,,
,,,,,207,4.0,4,,,,,,,,,,
,,,,,216,9.0,9,,,,,,,,,,
,,,,,221,5.0,5,,,,,,,,,,
,,,,,229,8.0,8,,,,,,,,,,
,,,,,235,6.0,6,,,,,,,,,,
,,,,,239,4.0,4,,,,,,,,,,
,,,,,246,7.0,7,,,,,,,,,,
,,,,,251,5.0,5,,,,,,,,,,
,,,,,254,3.0,3,,,,,,,,,,
,,,,,267,13.0,13,,,,,,,,,,
,,,,,273,6.0,6,,,,,,,,,,
,,,,,279,6.0,6,,,,,,,,,,
,,,,,284,5.0,5,,,,,,,,,,
,,,,,289,5.0,5,,,,,,,,,,
,,,,,296,7.0,7,,,,,,,,,,
,,,,,301,5.0,5,,,,,,,,,,
,,,,,304,3.0,3,,,,,,,,,,
,,,,,310,6.0,6,,,,,,,,,,
,,,,,315,5.0,5,,,,,,,,,,
,,,,,318,3.0,3,,,,,,,,,,
,,,,,322,4.0,4,,,,,,,,,,
,,,,,328,6.0,6,,,,,,,,,,
,,,,,337,9.0,9,,,,,,,,,,
,,,,,341,4.0,4,,,,,,,,,,
,,,,,346,5.0,5,,,,,,,,,,
,,,,,351,5.0,5,,,,,,,,,,
,,,,,360,9.0,9,,,,,,,,,,
,,,,,363,3.0,3,,,,,,,,,,
,,,,,379,16.0,16,,,,,,,,,,
,,,,,383,4.0,4,,,,,,,,,,
,,,,,387,4.0,4,,,,,,,,,,
,,,,,394,7.0,7,,,,,,,,,,
,,,,,402,8.0,8,,,,,,,,,,
,,,,,408,6.0,6,,,,,,,,,,
,,,,,414,6.0,6,,,,,,,,,,
,,,,,421,7.0,7,,,,,,,,,,
,,,,,431,10.0,10,,,,,,,,,,
,,,,,441,10.0,10,,,,,,,,,,
,,,,,456,15.0,15,,,,,,,,,,
,,,,,460,4.0,4,,,,,,,,,,
,,,,,463,3.0,3,,,,,,,,,,
,,,,,474,11.0,11,,,,,,,,,,
,,,,,487,13.0,13,,,,,,,,,,
,,,,,491,4.0,4,,,,,,,,,,
,,,,,495,4.0,4,,,,,,,,,,
,,,,,499,4.0,4,,,,,,,,,,
,,,,,503,4.0,4,,,,,,,,,,
,,,,,506,3.0,3,,,,,,,,,,
,,,,,509,3.0,3,,,,,,,,,,
,,,,,516,7.0,7,,,,,,,,,,
,,,,,520,4.0,4,,,,,,,,,,
,,,,,534,14.0,14,,,,,,,,,,
,,,,,539,5.0,5,,,,,,,,,,
,,,,,548,9.0,9,,,,,,,,,,
,,,,,555,7.0,7,,,,,,,,,,
,,,,,564,9.0,9,,,,,,,,,,
,,,,,570,6.0,6,,,,,,,,,,
,,,,,573,3.0,3,,,,,,,,,,
,,,,,578,5.0,5,,,,,,,,,,
,,,,,582,4.0,4,,,,,,,,,,
,,,,,585,3.0,3,,,,,,,,,,
,,,,,588,3.0,3,,,,,,,,,,
,,,,,594,6.0,6,,,,,,,,,,
,,,,,598,4.0,4,,,,,,,,,,
,,,,,609,11.0,11,,,,,,,,,,
,,,,,618,9.0,9,,,,,,,,,,
,,,,,622,4.0,4,,,,,,,,,,
,,,,,628,6.0,6,,,,,,,,,,
,,,,,637,9.0,9,,,,,,,,,,
,,,,,642,5.0,5,,,,,,,,,,
,,,,,646,4.0,4,,,,,,,,,,
,,,,,649,3.0,3,,,,,,,,,,
,,,,,653,4.0,4,,,,,,,,,,
,,,,,656,3.0,3,,,,,,,,,,
,,,,,669,13.0,13,,,,,,,,,,
,,,,,679,10.0,10,,,,,,,,,,
,,,,,687,8.0,8,,,,,,,,,,
,,,,,694,7.0,7,,,,,,,,,,
,,,,,704,10.0,10,,,,,,,,,,
,,,,,712,8.0,8,,,,,,,,,,
,,,,,722,10.0,10,,,,,,,,,,
,,,,,732,10.0,10,,,,,,,,,,
,,,,,741,9.0,9,,,,,,,,,,
,,,,,756,15.0,15,,,,,,,,,,
,,,,,760,4.0,4,,,,,,,,,,
,,,,,763,3.0,3,,,,,,,,,,
,,,,,768,5.0,5,,,,,,,,,,
,,,,,787,19.0,19,,,,,,,,,,
,,,,,790,3.0,3,,,,,,,,,,
,,,,,796,6.0,6,,,,,,,,,,
,,,,,801,5.0,5,,,,,,,,,,
,,,,,810,9.0,9,,,,,,,,,,
,,,,,813,3.0,3,,,,,,,,,,
,,,,,824,11.0,11,,,,,,,,,,
,,,,,841,17.0,17,,,,,,,,,,
,,,,,847,6.0,6,,,,,,,,,,
,,,,,851,4.0,4,,,,,,,,,,
,,,,,854,3.0,3,,,,,,,,,,
,,,,,860,6.0,6,,,,,,,,,,
,,,,,864,4.0,4,,,,,,,,,,
,,,,,868,4.0,4,,,,,,,,,,
,,,,,873,5.0,5,,,,,,,,,,
,,,,,881,8.0,8,,,,,,,,,,
,,,,,884,3.0,3,,,,,,,,,,
,,,,,890,6.0,6,,,,,,,,,,
,,,,,896,6.0,6,,,,,,,,,,
,,,,,901,5.0,5,,,,,,,,,,
,,,,,906,5.0,5,,,,,,,,,,
,,,,,915,9.0,9,,,,,,,,,,
,,,,,925,10.0,10,,,,,,,,,,
,,,,,935,10.0,10,,,,,,,,,,
,,,,,941,6.0,6,,,,,,,,,,
,,,,,946,5.0,5,,,,,,,,,,
,,,,,952,6.0,6,,,,,,,,,,
,,,,,955,3.0,3,,,,,,,,,,
,,,,,960,5.0,5,,,,,,,,,,
,,,,,964,4.0,4,,,,,,,,,,
,,,,,969,5.0,5,,,,,,,,,,
,,,,,973,4.0,4,,,,,,,,,,
,,,,,979,6.0,6,,,,,,,,,,
,,,,,982,3.0,3,,,,,,,,,,
,,,,,987,5.0,5,,,,,,,,,,
,,,,,992,5.0,5,,,,,,,,,,
,,,,,996,4.0,4,,,,,,,,,,
,,,,,1000,4.0,4,,,,,,,,,,
,,,,,1007,7.0,7,,,,,,,,,,
,,,,,1011,4.0,4,,,,,,,,,,
,,,,,1021,10.0,10,,,,,,,,,,
,,,,,1028,7.0,7,,,,,,,,,,
,,,,,1034,6.0,6,,,,,,,,,,
,,,,,1037,3.0,3,,,,,,,,,,
,,,,,1049,12.0,12,,,,,,,,,,
,,,,,1055,6.0,6,,,,,,,,,,
,,,,,1060,5.0,5,,,,,,,,,,
,,,,,1064,4.0,4,,,,,,,,,,
,,,,,1068,4.0,4,,,,,,,,,,
,,,,,1080,12.0,12,,,,,,,,,,
,,,,,1089,9.0,9,,,,,,,,,,
,,,,,1093,4.0,4,,,,,,,,,,
,,,,,1099,6.0,6,,,,,,,,,,
,,,,,1102,3.0,3,,,,,,,,,,
,,,,,1118,16.0,16,,,,,,,,,,
,,,,,1123,5.0,5,,,,,,,,,,
,,,,,1127,4.0,4,,,,,,,,,,
,,,,,1132,5.0,5,,,,,,,,,,
,,,,,1137,5.0,5,,,,,,,,,,
,,,,,1146,9.0,9,,,,,,,,,,
,,,,,1154,8.0,8,,,,,,,,,,
,,,,,1162,8.0,8,,,,,,,,,,
,,,,,1172,10.0,10,,,,,,,,,,
,,,,,1178,6.0,6,,,,,,,,,,
,,,,,1195,17.0,17,,,,,,,,,,
,,,,,1199,4.0,4,,,,,,,,,,
,,,,,1211,12.0,12,,,,,,,,,,
,,,,,1214,3.0,3,,,,,,,,,,
,,,,,1219,5.0,5,,,,,,,,,,
,,,,,1223,4.0,4,,,,,,,,,,
,,,,,1228,5.0,5,,,,,,,,,,
,,,,,1236,8.0,8,,,,,,,,,,
,,,,,1239,3.0,3,,,,,,,,,,
,,,,,1242,3.0,3,,,,,,,,,,
,,,,,1254,12.0,12,,,,,,,,,,
,,,,,1259,5.0,5,,,,,,,,,,
,,,,,1263,4.0,4,,,,,,,,,,
,,,,,1269,6.0,6,,,,,,,,,,
,,,,,1277,8.0,8,,,,,,,,,,
,,,,,1286,9.0,9,,,,,,,,,,
,,,,,1296,10.0,10,,,,,,,,,,
,,,,,1319,23.0,23,,,,,,,,,,
,,,,,1331,12.0,12,,,,,,,,,,
,,,,,1334,3.0,3,,,,,,,,,,
,,,,,1340,6.0,6,,,,,,,,,,
,,,,,1349,9.0,9,,,,,,,,,,
,,,,,1358,9.0,9,,,,,,,,,,
,,,,,1368,10.0,10,,,,,,,,,,
,,,,,1372,4.0,4,,,,,,,,,,
,,,,,1377,5.0,5,,,,,,,,,,
,,,,,1384,7.0,7,,,,,,,,,,
,,,,,1388,4.0,4,,,,,,,,,,
,,,,,1394,6.0,6,,,,,,,,,,
,,,,,1406,12.0,12,,,,,,,,,,
,,,,,1409,3.0,3,,,,,,,,,,
,,,,,1413,4.0,4,,,,,,,,,,
,,,,,1417,4.0,4,,,,,,,,,,
,,,,,1422,5.0,5,,,,,,,,,,
,,,,,1430,8.0,8,,,,,,,,,,
,,,,,1438,8.0,8,,,,,,,,,,
,,,,,1443,5.0,5,,,,,,,,,,
,,,,,1451,8.0,8,,,,,,,,,,
,,,,,1464,13.0,13,,,,,,,,,,
,,,,,1469,5.0,5,,,,,,,,,,
,,,,,1479,10.0,10,,,,,,,,,,
,,,,,1483,4.0,4,,,,,,,,,,
,,,,,1491,8.0,8,,,,,,,,,,
,,,,,1504,13.0,13,,,,,,,,,,
,,,,,1509,5.0,5,,,,,,,,,,
,,,,,1512,3.0,3,,,,,,,,,,
,,,,,1517,5.0,5,,,,,,,,,,
,,,,,1531,14.0,14,,,,,,,,,,
,,,,,1535,4.0,4,,,,,,,,,,
,,,,,1538,3.0,3,,,,,,,,,,
,,,,,1542,4.0,4,,,,,,,,,,
,,,,,1546,4.0,4,,,,,,,,,,
,,,,,1552,6.0,6,,,,,,,,,,
,,,,,1555,3.0,3,,,,,,,,,,
,,,,,1560,5.0,5,,,,,,,,,,
,,,,,1566,6.0,6,,,,,,,,,,
,,,,,1594,28.0,28,,,,,,,,,,
,,,,,1601,7.0,7,,,,,,,,,,
,,,,,1608,7.0,7,,,,,,,,,,
,,,,,1613,5.0,5,,,,,,,,,,
,,,,,1618,5.0,5,,,,,,,,,,
,,,,,1623,5.0,5,,,,,,,,,,
,,,,,1627,4.0,4,,,,,,,,,,
,,,,,1634,7.0,7,,,,,,,,,,
,,,,,1638,4.0,4,,,,,,,,,,
,,,,,1645,7.0,7,,,,,,,,,,
,,,,,1651,6.0,6,,,,,,,,,,
,,,,,1656,5.0,5,,,,,,,,,,
,,,,,1661,5.0,5,,,,,,,,,,
,,,,,1665,4.0,4,,,,,,,,,,
,,,,,1672,7.0,7,,,,,,,,,,
,,,,,1683,11.0,11,,,,,,,,,,
,,,,,1687,4.0,4,,,,,,,,,,
,,,,,1695,8.0,8,,,,,,,,,,
,,,,,1700,5.0,5,,,,,,,,,,
,,,,,1705,5.0,5,,,,,,,,,,
,,,,,1715,10.0,10,,,,,,,,,,
,,,,,1722,7.0,7,,,,,,,,,,
,,,,,1728,6.0,6,,,,,,,,,,
,,,,,1732,4.0,4,,,,,,,,,,
,,,,,1736,4.0,4,,,,,,,,,,
,,,,,1742,6.0,6,,,,,,,,,,
,,,,,1748,6.0,6,,,,,,,,,,
,,,,,1766,18.0,18,,,,,,,,,,
,,,,,1771,5.0,5,,,,,,,,,,
,,,,,1777,6.0,6,,,,,,,,,,
,,,,,1781,4.0,4,,,,,,,,,,
,,,,,1784,3.0,3,,,,,,,,,,
,,,,,1793,9.0,9,,,,,,,,,,
,,,,,1796,3.0,3,,,,,,,,,,
,,,,,1799,3.0,3,,,,,,,,,,
,,,,,1808,9.0,9,,,,,,,,,,
,,,,,1814,6.0,6,,,,,,,,,,
,,,,,1822,8.0,8,,,,,,,,,,
,,,,,1826,4.0,4,,,,,,,,,,
,,,,,1829,3.0,3,,,,,,,,,,
,,,,,1840,11.0,11,,,,,,,,,,
,,,,,1847,7.0,7,,,,,,,,,,
,,,,,1854,7.0,7,,,,,,,,,,
,,,,,1874,20.0,20,,,,,,,,,,
,,,,,1880,6.0,6,,,,,,,,,,
,,,,,1886,6.0,6,,,,,,,,,,
,,,,,1900,14.0,14,,,,,,,,,,
,,,,,1904,4.0,4,,,,,,,,,,
,,,,,1910,6.0,6,,,,,,,,,,
,,,,,1919,9.0,9,,,,,,,,,,
,,,,,1928,9.0,9,,,,,,,,,,
,,,,,1932,4.0,4,,,,,,,,,,
,,,,,1935,3.0,3,,,,,,,,,,
,,,,,1939,4.0,4,,,,,,,,,,
,,,,,1944,5.0,5,,,,,,,,,,
,,,,,1953,9.0,9,,,,,,,,,,
,,,,,1969,16.0,16,,,,,,,,,,
,,,,,1972,3.0,3,,,,,,,,,,
,,,,,1996,24.0,24,,,,,,,,,,
,,,,,2024,28.0,28,,,,,,,,,,
,,,,,2035,11.0,11,,,,,,,,,,
,,,,,2046,11.0,11,,,,,,,,,,
,,,,,2049,3.0,3,,,,,,,,,,
,,,,,2053,4.0,4,,,,,,,,,,
,,,,,2058,5.0,5,,,,,,,,,,
,,,,,2066,8.0,8,,,,,,,,,,
,,,,,2071,5.0,5,,,,,,,,,,
,,,,,2074,3.0,3,,,,,,,,,,
,,,,,2078,4.0,4,,,,,,,,,,
,,,,,2086,8.0,8,,,,,,,,,,
,,,,,2093,7.0,7,,,,,,,,,,
,,,,,2098,5.0,5,,,,,,,,,,
,,,,,2105,7.0,7,,,,,,,,,,
,,,,,2111,6.0,6,,,,,,,,,,
,,,,,2118,7.0,7,,,,,,,,,,
,,,,,2123,5.0,5,,,,,,,,,,
,,,,,2132,9.0,9,,,,,,,,,,
,,,,,2135,3.0,3,,,,,,,,,,
,,,,,2138,3.0,3,,,,,,,,,,
,,,,,2146,8.0,8,,,,,,,,,,
,,,,,2150,4.0,4,,,,,,,,,,
,,,,,2153,3.0,3,,,,,,,,,,
,,,,,2159,6.0,6,,,,,,,,,,
,,,,,2176,17.0,17,,,,,,,,,,
,,,,,2184,8.0,8,,,,,,,,,,
,,,,,2190,6.0,6,,,,,,,,,,
,,,,,2196,6.0,6,,,,,,,,,,
,,,,,2200,4.0,4,,,,,,,,,,
,,,,,2208,8.0,8,,,,,,,,,,
,,,,,2215,7.0,7,,,,,,,,,,
,,,,,2222,7.0,7,,,,,,,,,,
,,,,,2229,7.0,7,,,,,,,,,,
,,,,,2233,4.0,4,,,,,,,,,,
,,,,,2239,6.0,6,,,,,,,,,,
,,,,,2243,4.0,4,,,,,,,,,,
,,,,,2248,5.0,5,,,,,,,,,,
,,,,,2262,14.0,14,,,,,,,,,,
,,,,,2267,5.0,5,,,,,,,,,,
,,,,,2270,3.0,3,,,,,,,,,,
,,,,,2275,5.0,5,,,,,,,,,,
,,,,,2281,6.0,6,,,,,,,,,,
,,,,,2285,4.0,4,,,,,,,,,,
,,,,,2290,5.0,5,,,,,,,,,,
,,,,,2311,21.0,21,,,,,,,,,,
,,,,,2316,5.0,5,,,,,,,,,,
,,,,,2323,7.0,7,,,,,,,,,,
,,,,,2329,6.0,6,,,,,,,,,,
,,,,,2339,10.0,10,,,,,,,,,,
,,,,,2344,5.0,5,,,,,,,,,,
,,,,,2349,5.0,5,,,,,,,,,,
,,,,,2356,7.0,7,,,,,,,,,,
,,,,,2359,3.0,3,,,,,,,,,,
,,,,,2362,3.0,3,,,,,,,,,,
,,,,,2366,4.0,4,,,,,,,,,,
,,,,,2371,5.0,5,,,,,,,,,,
,,,,,2381,10.0,10,,,,,,,,,,
,,,,,2384,3.0,3,,,,,,,,,,
,,,,,2393,9.0,9,,,,,,,,,,
,,,,,2397,4.0,4,,,,,,,,,,
,,,,,2404,7.0,7,,,,,,,,,,
,,,,,2407,3.0,3,,,,,,,,,,
,,,,,2415,8.0,8,,,,,,,,,,
,,,,,2421,6.0,6,,,,,,,,,,
,,,,,2426,5.0,5,,,,,,,,,,
,,,,,2434,8.0,8,,,,,,,,,,
,,,,,2438,4.0,4,,,,,,,,,,
,,,,,2444,6.0,6,,,,,,,,,,
,,,,,2457,13.0,13,,,,,,,,,,
,,,,,2464,7.0,7,,,,,,,,,,
,,,,,2483,19.0,19,,,,,,,,,,
,,,,,2488,5.0,5,,,,,,,,,,
,,,,,2501,13.0,13,,,,,,,,,,
,,,,,2505,4.0,4,,,,,,,,,,
,,,,,2510,5.0,5,,,,,,,,,,
,,,,,2514,4.0,4,,,,,,,,,,
,,,,,2523,9.0,9,,,,,,,,,,
,,,,,2527,4.0,4,,,,,,,,,,
,,,,,2531,4.0,4,,,,,,,,,,
,,,,,2542,11.0,11,,,,,,,,,,
,,,,,2553,11.0,11,,,,,,,,,,
,,,,,2557,4.0,4,,,,,,,,,,
,,,,,2568,11.0,11,,,,,,,,,,
,,,,,2573,5.0,5,,,,,,,,,,
,,,,,2576,3.0,3,,,,,,,,,,
,,,,,2582,6.0,6,,,,,,,,,,
,,,,,2586,4.0,4,,,,,,,,,,
,,,,,2598,12.0,12,,,,,,,,,,
,,,,,2610,12.0,12,,,,,,,,,,
,,,,,2614,4.0,4,,,,,,,,,,
,,,,,2617,3.0,3,,,,,,,,,,
,,,,,2620,3.0,3,,,,,,,,,,
,,,,,2623,3.0,3,,,,,,,,,,
,,,,,2627,4.0,4,,,,,,,,,,
,,,,,2639,12.0,12,,,,,,,,,,
,,,,,2643,4.0,4,,,,,,,,,,
,,,,,2649,6.0,6,,,,,,,,,,
,,,,,2652,3.0,3,,,,,,,,,,
,,,,,2657,5.0,5,,,,,,,,,,
,,,,,2662,5.0,5,,,,,,,,,,
,,,,,2670,8.0,8,,,,,,,,,,
,,,,,2676,6.0,6,,,,,,,,,,
,,,,,2679,3.0,3,,,,,,,,,,
,,,,,2684,5.0,5,,,,,,,,,,
,,,,,2693,9.0,9,,,,,,,,,,
,,,,,2699,6.0,6,,,,,,,,,,
,,,,,2704,5.0,5,,,,,,,,,,
,,,,,2712,8.0,8,,,,,,,,,,
,,,,,2717,5.0,5,,,,,,,,,,
,,,,,2724,7.0,7,,,,,,,,,,
,,,,,2742,18.0,18,,,,,,,,,,
,,,,,2746,4.0,4,,,,,,,,,,
,,,,,2758,12.0,12,,,,,,,,,,
,,,,,2764,6.0,6,,,,,,,,,,
,,,,,2767,3.0,3,,,,,,,,,,
,,,,,2773,6.0,6,,,,,,,,,,
,,,,,2779,6.0,6,,,,,,,,,,
,,,,,2782,3.0,3,,,,,,,,,,
,,,,,2790,8.0,8,,,,,,,,,,
,,,,,2796,6.0,6,,,,,,,,,,
,,,,,2808,12.0,12,,,,,,,,,,
,,,,,2814,6.0,6,,,,,,,,,,
,,,,,2825,11.0,11,,,,,,,,,,
,,,,,2829,4.0,4,,,,,,,,,,
,,,,,2834,5.0,5,,,,,,,,,,
,,,,,2841,7.0,7,,,,,,,,,,
,,,,,2847,6.0,6,,,,,,,,,,
,,,,,2853,6.0,6,,,,,,,,,,
,,,,,2858,5.0,5,,,,,,,,,,
,,,,,2861,3.0,3,,,,,,,,,,
,,,,,2866,5.0,5,,,,,,,,,,
,,,,,2872,6.0,6,,,,,,,,,,
,,,,,2886,14.0,14,,,,,,,,,,
,,,,,2890,4.0,4,,,,,,,,,,
,,,,,2897,7.0,7,,,,,,,,,,
,,,,,2901,4.0,4,,,,,,,,,,
,,,,,2905,4.0,4,,,,,,,,,,
,,,,,2912,7.0,7,,,,,,,,,,
,,,,,2923,11.0,11,,,,,,,,,,
,,,,,2927,4.0,4,,,,,,,,,,
,,,,,2935,8.0,8,,,,,,,,,,
,,,,,2939,4.0,4,,,,,,,,,,
,,,,,2942,3.0,3,,,,,,,,,,
,,,,,2945,3.0,3,,,,,,,,,,
,,,,,2956,11.0,11,,,,,,,,,,
,,,,,2963,7.0,7,,,,,,,,,,
,,,,,2970,7.0,7,,,,,,,,,,
,,,,,2973,3.0,3,,,,,,,,,,
,,,,,2978,5.0,5,,,,,,,,,,
,,,,,2987,9.0,9,,,,,,,,,,
,,,,,2993,6.0,6,,,,,,,,,,
,,,,,2997,4.0,4,,,,,,,,,,
,,,,,3000,3.0,3,,,,,,,,,,
,,,,,3006,6.0,6,,,,,,,,,,
,,,,,3015,9.0,9,,,,,,,,,,
,,,,,3023,8.0,8,,,,,,,,,,
,,,,,3028,5.0,5,,,,,,,,,,
,,,,,3040,12.0,12,,,,,,,,,,
,,,,,3044,4.0,4,,,,,,,,,,
,,,,,3048,4.0,4,,,,,,,,,,
,,,,,3052,4.0,4,,,,,,,,,,
,,,,,3066,14.0,14,,,,,,,,,,
,,,,,3073,7.0,7,,,,,,,,,,
,,,,,3080,7.0,7,,,,,,,,,,
,,,,,3095,15.0,15,,,,,,,,,,
,,,,,3099,4.0,4,,,,,,,,,,
,,,,,3107,8.0,8,,,,,,,,,,
,,,,,3119,12.0,12,,,,,,,,,,
,,,,,3123,4.0,4,,,,,,,,,,
,,,,,3126,3.0,3,,,,,,,,,,
,,,,,3129,3.0,3,,,,,,,,,,
,,,,,3136,7.0,7,,,,,,,,,,
,,,,,3140,4.0,4,,,,,,,,,,
,,,,,3147,7.0,7,,,,,,,,,,
,,,,,3153,6.0,6,,,,,,,,,,
,,,,,3156,3.0,3,,,,,,,,,,
,,,,,3161,5.0,5,,,,,,,,,,
,,,,,3166,5.0,5,,,,,,,,,,
,,,,,3170,4.0,4,,,,,,,,,,
,,,,,3175,5.0,5,,,,,,,,,,
,,,,,3178,3.0,3,,,,,,,,,,
,,,,,3185,7.0,7,,,,,,,,,,
,,,,,3195,10.0,10,,,,,,,,,,
,,,,,3198,3.0,3,,,,,,,,,,
,,,,,3206,8.0,8,,,,,,,,,,
,,,,,3211,5.0,5,,,,,,,,,,
,,,,,3216,5.0,5,,,,,,,,,,
,,,,,3219,3.0,3,,,,,,,,,,
,,,,,3224,5.0,5,,,,,,,,,,
,,,,,3235,11.0,11,,,,,,,,,,
,,,,,3240,5.0,5,,,,,,,,,,
,,,,,3246,6.0,6,,,,,,,,,,
,,,,,3258,12.0,12,,,,,,,,,,
,,,,,3266,8.0,8,,,,,,,,,,
,,,,,3281,15.0,15,,,,,,,,,,
,,,,,3288,7.0,7,,,,,,,,,,
,,,,,3293,5.0,5,,,,,,,,,,
,,,,,3297,4.0,4,,,,,,,,,,
,,,,,3304,7.0,7,,,,,,,,,,
,,,,,3307,3.0,3,,,,,,,,,,
,,,,,3311,4.0,4,,,,,,,,,,
,,,,,3317,6.0,6,,,,,,,,,,
,,,,,3323,6.0,6,,,,,,,,,,
,,,,,3329,6.0,6,,,,,,,,,,
,,,,,3336,7.0,7,,,,,,,,,,
,,,,,3339,3.0,3,,,,,,,,,,
,,,,,3342,3.0,3,,,,,,,,,,
,,,,,3347,5.0,5,,,,,,,,,,
,,,,,3351,4.0,4,,,,,,,,,,
,,,,,3364,13.0,13,,,,,,,,,,
,,,,,3384,20.0,20,,,,,,,,,,
,,,,,3387,3.0,3,,,,,,,,,,
,,,,,3392,5.0,5,,,,,,,,,,
,,,,,3398,6.0,6,,,,,,,,,,
,,,,,3403,5.0,5,,,,,,,,,,
,,,,,3409,6.0,6,,,,,,,,,,
,,,,,3412,3.0,3,,,,,,,,,,
,,,,,3422,10.0,10,,,,,,,,,,
,,,,,3445,23.0,23,,,,,,,,,,
,,,,,3453,8.0,8,,,,,,,,,,
,,,,,3460,7.0,7,,,,,,,,,,
,,,,,3465,5.0,5,,,,,,,,,,
,,,,,3470,5.0,5,,,,,,,,,,
,,,,,3473,3.0,3,,,,,,,,,,
,,,,,3476,3.0,3,,,,,,,,,,
,,,,,3481,5.0,5,,,,,,,,,,
,,,,,3484,3.0,3,,,,,,,,,,
,,,,,3487,3.0,3,,,,,,,,,,
,,,,,3502,15.0,15,,,,,,,,,,
,,,,,3506,4.0,4,,,,,,,,,,
,,,,,3509,3.0,3,,,,,,,,,,
,,,,,3512,3.0,3,,,,,,,,,,
,,,,,3517,5.0,5,,,,,,,,,,
,,,,,3525,8.0,8,,,,,,,,,,
,,,,,3528,3.0,3,,,,,,,,,,
,,,,,3534,6.0,6,,,,,,,,,,
,,,,,3537,3.0,3,,,,,,,,,,
,,,,,3542,5.0,5,,,,,,,,,,
,,,,,3551,9.0,9,,,,,,,,,,
,,,,,3558,7.0,7,,,,,,,,,,
,,,,,3574,16.0,16,,,,,,,,,,
,,,,,3578,4.0,4,,,,,,,,,,
,,,,,3590,12.0,12,,,,,,,,,,
,,,,,3593,3.0,3,,,,,,,,,,
,,,,,3605,12.0,12,,,,,,,,,,
,,,,,3617,12.0,12,,,,,,,,,,
,,,,,3629,12.0,12,,,,,,,,,,
,,,,,3639,10.0,10,,,,,,,,,,
,,,,,3644,5.0,5,,,,,,,,,,
,,,,,3649,5.0,5,,,,,,,,,,
,,,,,3652,3.0,3,,,,,,,,,,
,,,,,3660,8.0,8,,,,,,,,,,
,,,,,3670,10.0,10,,,,,,,,,,
,,,,,3677,7.0,7,,,,,,,,,,
,,,,,3681,4.0,4,,,,,,,,,,
,,,,,3685,4.0,4,,,,,,,,,,
,,,,,3689,4.0,4,,,,,,,,,,
,,,,,3695,6.0,6,,,,,,,,,,
,,,,,3701,6.0,6,,,,,,,,,,
,,,,,3704,3.0,3,,,,,,,,,,
,,,,,3709,5.0,5,,,,,,,,,,
,,,,,3717,8.0,8,,,,,,,,,,
,,,,,3722,5.0,5,,,,,,,,,,
,,,,,3729,7.0,7,,,,,,,,,,
,,,,,3737,8.0,8,,,,,,,,,,
,,,,,3740,3.0,3,,,,,,,,,,
,,,,,3745,5.0,5,,,,,,,,,,
,,,,,3753,8.0,8,,,,,,,,,,
,,,,,3757,4.0,4,,,,,,,,,,
,,,,,3762,5.0,5,,,,,,,,,,
,,,,,3766,4.0,4,,,,,,,,,,
,,,,,3769,3.0,3,,,,,,,,,,
,,,,,3773,4.0,4,,,,,,,,,,
,,,,,3781,8.0,8,,,,,,,,,,
,,,,,3784,3.0,3,,,,,,,,,,
,,,,,3797,13.0,13,,,,,,,,,,
,,,,,3801,4.0,4,,,,,,,,,,
,,,,,3815,14.0,14,,,,,,,,,,
,,,,,3821,6.0,6,,,,,,,,,,
,,,,,3831,10.0,10,,,,,,,,,,
,,,,,3836,5.0,5,,,,,,,,,,
,,,,,3859,23.0,23,,,,,,,,,,
,,,,,3866,7.0,7,,,,,,,,,,
,,,,,3872,6.0,6,,,,,,,,,,
,,,,,3875,3.0,3,,,,,,,,,,
,,,,,3886,11.0,11,,,,,,,,,,
,,,,,3891,5.0,5,,,,,,,,,,
,,,,,3897,6.0,6,,,,,,,,,,
,,,,,3902,5.0,5,,,,,,,,,,
,,,,,3908,6.0,6,,,,,,,,,,
,,,,,3919,11.0,11,,,,,,,,,,
,,,,,3922,3.0,3,,,,,,,,,,
,,,,,3927,5.0,5,,,,,,,,,,
,,,,,3934,7.0,7,,,,,,,,,,
,,,,,3939,5.0,5,,,,,,,,,,
,,,,,3944,5.0,5,,,,,,,,,,
,,,,,3956,12.0,12,,,,,,,,,,
,,,,,3960,4.0,4,,,,,,,,,,
,,,,,3973,13.0,13,,,,,,,,,,
,,,,,3980,7.0,7,,,,,,,,,,
,,,,,3985,5.0,5,,,,,,,,,,
,,,,,3988,3.0,3,,,,,,,,,,
,,,,,3992,4.0,4,,,,,,,,,,
,,,,,4000,8.0,8,,,,,,,,,,
,,,,,4004,4.0,4,,,,,,,,,,
,,,,,4009,5.0,5,,,,,,,,,,
,,,,,4016,7.0,7,,,,,,,,,,
,,,,,4022,6.0,6,,,,,,,,,,
,,,,,4031,9.0,9,,,,,,,,,,
,,,,,4035,4.0,4,,,,,,,,,,
,,,,,4045,10.0,10,,,,,,,,,,
,,,,,4054,9.0,9,,,,,,,,,,
,,,,,4060,6.0,6,,,,,,,,,,
,,,,,4073,13.0,13,,,,,,,,,,
,,,,,4086,13.0,13,,,,,,,,,,
,,,,,4103,17.0,17,,,,,,,,,,
,,,,,4111,8.0,8,,,,,,,,,,
,,,,,4116,5.0,5,,,,,,,,,,
,,,,,4126,10.0,10,,,,,,,,,,
,,,,,4130,4.0,4,,,,,,,,,,
,,,,,4134,4.0,4,,,,,,,,,,
,,,,,4142,8.0,8,,,,,,,,,,
,,,,,4145,3.0,3,,,,,,,,,,
,,,,,4149,4.0,4,,,,,,,,,,
,,,,,4155,6.0,6,,,,,,,,,,
,,,,,4158,3.0,3,,,,,,,,,,
,,,,,4166,8.0,8,,,,,,,,,,
,,,,,4170,4.0,4,,,,,,,,,,
,,,,,4173,3.0,3,,,,,,,,,,
,,,,,4191,18.0,18,,,,,,,,,,
,,,,,4196,5.0,5,,,,,,,,,,
,,,,,4200,4.0,4,,,,,,,,,,
,,,,,4208,8.0,8,,,,,,,,,,
,,,,,4218,10.0,10,,,,,,,,,,
,,,,,4222,4.0,4,,,,,,,,,,
,,,,,4226,4.0,4,,,,,,,,,,
,,,,,4234,8.0,8,,,,,,,,,,
,,,,,4243,9.0,9,,,,,,,,,,
,,,,,4249,6.0,6,,,,,,,,,,
,,,,,4258,9.0,9,,,,,,,,,,
,,,,,4265,7.0,7,,,,,,,,,,
,,,,,4269,4.0,4,,,,,,,,,,
,,,,,4274,5.0,5,,,,,,,,,,
,,,,,4278,4.0,4,,,,,,,,,,
,,,,,4288,10.0,10,,,,,,,,,,
,,,,,4293,5.0,5,,,,,,,,,,
,,,,,4296,3.0,3,,,,,,,,,,
,,,,,4300,4.0,4,,,,,,,,,,
,,,,,4304,4.0,4,,,,,,,,,,
,,,,,4307,3.0,3,,,,,,,,,,
,,,,,4312,5.0,5,,,,,,,,,,
,,,,,4317,5.0,5,,,,,,,,,,
,,,,,4322,5.0,5,,,,,,,,,,
,,,,,4333,11.0,11,,,,,,,,,,
,,,,,4344,11.0,11,,,,,,,,,,
,,,,,4348,4.0,4,,,,,,,,,,
,,,,,4351,3.0,3,,,,,,,,,,
,,,,,4355,4.0,4,,,,,,,,,,
,,,,,4362,7.0,7,,,,,,,,,,
,,,,,4375,13.0,13,,,,,,,,,,
,,,,,4379,4.0,4,,,,,,,,,,
,,,,,4393,14.0,14,,,,,,,,,,
,,,,,4399,6.0,6,,,,,,,,,,
,,,,,4405,6.0,6,,,,,,,,,,
,,,,,4409,4.0,4,,,,,,,,,,
,,,,,4414,5.0,5,,,,,,,,,,
,,,,,4417,3.0,3,,,,,,,,,,
,,,,,4423,6.0,6,,,,,,,,,,
,,,,,4432,9.0,9,,,,,,,,,,
,,,,,4439,7.0,7,,,,,,,,,,
,,,,,4445,6.0,6,,,,,,,,,,
,,,,,4455,10.0,10,,,,,,,,,,
,,,,,4462,7.0,7,,,,,,,,,,
,,,,,4472,10.0,10,,,,,,,,,,
,,,,,4477,5.0,5,,,,,,,,,,
,,,,,4485,8.0,8,,,,,,,,,,
,,,,,4489,4.0,4,,,,,,,,,,
,,,,,4496,7.0,7,,,,,,,,,,
,,,,,4501,5.0,5,,,,,,,,,,
,,,,,4509,8.0,8,,,,,,,,,,
,,,,,4513,4.0,4,,,,,,,,,,
,,,,,4524,11.0,11,,,,,,,,,,
,,,,,4527,3.0,3,,,,,,,,,,
,,,,,4535,8.0,8,,,,,,,,,,
,,,,,4538,3.0,3,,,,,,,,,,
,,,,,4543,5.0,5,,,,,,,,,,
,,,,,4549,6.0,6,,,,,,,,,,
,,,,,4553,4.0,4,,,,,,,,,,
,,,,,4556,3.0,3,,,,,,,,,,
,,,,,4566,10.0,10,,,,,,,,,,
,,,,,4575,9.0,9,,,,,,,,,,
,,,,,4578,3.0,3,,,,,,,,,,
,,,,,4584,6.0,6,,,,,,,,,,
,,,,,4590,6.0,6,,,,,,,,,,
,,,,,4596,6.0,6,,,,,,,,,,
,,,,,4612,16.0,16,,,,,,,,,,
,,,,,4621,9.0,9,,,,,,,,,,
,,,,,4625,4.0,4,,,,,,,,,,
,,,,,4629,4.0,4,,,,,,,,,,
,,,,,4632,3.0,3,,,,,,,,,,
,,,,,4636,4.0,4,,,,,,,,,,
,,,,,4655,19.0,19,,,,,,,,,,
,,,,,4660,5.0,5,,,,,,,,,,
,,,,,4690,30.0,30,,,,,,,,,,
,,,,,4701,11.0,11,,,,,,,,,,
,,,,,4718,17.0,17,,,,,,,,,,
,,,,,4729,11.0,11,,,,,,,,,,
,,,,,4732,3.0,3,,,,,,,,,,
,,,,,4736,4.0,4,,,,,,,,,,
,,,,,4747,11.0,11,,,,,,,,,,
,,,,,4750,3.0,3,,,,,,,,,,
,,,,,4753,3.0,3,,,,,,,,,,
,,,,,4759,6.0,6,,,,,,,,,,
,,,,,4763,4.0,4,,,,,,,,,,
,,,,,4767,4.0,4,,,,,,,,,,
,,,,,4778,11.0,11,,,,,,,,,,
,,,,,4791,13.0,13,,,,,,,,,,
,,,,,4807,16.0,16,,,,,,,,,,
,,,,,4820,13.0,13,,,,,,,,,,
,,,,,4824,4.0,4,,,,,,,,,,
,,,,,4829,5.0,5,,,,,,,,,,
,,,,,4849,20.0,20,,,,,,,,,,
,,,,,4862,13.0,13,,,,,,,,,,
,,,,,4870,8.0,8,,,,,,,,,,
,,,,,4887,17.0,17,,,,,,,,,,
,,,,,4893,6.0,6,,,,,,,,,,
,,,,,4899,6.0,6,,,,,,,,,,
,,,,,4908,9.0,9,,,,,,,,,,
,,,,,4923,15.0,15,,,,,,,,,,
,,,,,4929,6.0,6,,,,,,,,,,
,,,,,4933,4.0,4,,,,,,,,,,
,,,,,4936,3.0,3,,,,,,,,,,
,,,,,4945,9.0,9,,,,,,,,,,
,,,,,4955,10.0,10,,,,,,,,,,
,,,,,4962,7.0,7,,,,,,,,,,
,,,,,4966,4.0,4,,,,,,,,,,
,,,,,4972,6.0,6,,,,,,,,,,
,,,,,4988,16.0,16,,,,,,,,,,
,,,,,4994,6.0,6,,,,,,,,,,
,,,,,4999,5.0,5,,,,,,,,,,
7.5,6.2809234,23.0,3.0,7.5,5000,,,-0.14009305834770203,0.6691720485687256,1.0932766199111938,0.05880142003297806,1.1026630401611328,0.10000000149011612,0.1677672564983368,0.0003,0.0003,0.09999001026153564
,,,,,5006,7.0,7,,,,,,,,,,
,,,,,5010,4.0,4,,,,,,,,,,
,,,,,5015,5.0,5,,,,,,,,,,
,,,,,5027,12.0,12,,,,,,,,,,
,,,,,5031,4.0,4,,,,,,,,,,
,,,,,5039,8.0,8,,,,,,,,,,
,,,,,5044,5.0,5,,,,,,,,,,
,,,,,5048,4.0,4,,,,,,,,,,
,,,,,5051,3.0,3,,,,,,,,,,
,,,,,5055,4.0,4,,,,,,,,,,
,,,,,5058,3.0,3,,,,,,,,,,
,,,,,5061,3.0,3,,,,,,,,,,
,,,,,5070,9.0,9,,,,,,,,,,
,,,,,5074,4.0,4,,,,,,,,,,
,,,,,5079,5.0,5,,,,,,,,,,
,,,,,5085,6.0,6,,,,,,,,,,
,,,,,5097,12.0,12,,,,,,,,,,
,,,,,5102,5.0,5,,,,,,,,,,
,,,,,5106,4.0,4,,,,,,,,,,
,,,,,5117,11.0,11,,,,,,,,,,
,,,,,5121,4.0,4,,,,,,,,,,
,,,,,5126,5.0,5,,,,,,,,,,
,,,,,5140,14.0,14,,,,,,,,,,
,,,,,5160,20.0,20,,,,,,,,,,
,,,,,5165,5.0,5,,,,,,,,,,
,,,,,5182,17.0,17,,,,,,,,,,
,,,,,5186,4.0,4,,,,,,,,,,
,,,,,5193,7.0,7,,,,,,,,,,
,,,,,5197,4.0,4,,,,,,,,,,
,,,,,5209,12.0,12,,,,,,,,,,
,,,,,5213,4.0,4,,,,,,,,,,
,,,,,5222,9.0,9,,,,,,,,,,
,,,,,5229,7.0,7,,,,,,,,,,
,,,,,5238,9.0,9,,,,,,,,,,
,,,,,5251,13.0,13,,,,,,,,,,
,,,,,5261,10.0,10,,,,,,,,,,
,,,,,5274,13.0,13,,,,,,,,,,
,,,,,5279,5.0,5,,,,,,,,,,
,,,,,5285,6.0,6,,,,,,,,,,
,,,,,5292,7.0,7,,,,,,,,,,
,,,,,5297,5.0,5,,,,,,,,,,
,,,,,5307,10.0,10,,,,,,,,,,
,,,,,5322,15.0,15,,,,,,,,,,
,,,,,5330,8.0,8,,,,,,,,,,
,,,,,5352,22.0,22,,,,,,,,,,
,,,,,5367,15.0,15,,,,,,,,,,
,,,,,5373,6.0,6,,,,,,,,,,
,,,,,5380,7.0,7,,,,,,,,,,
,,,,,5393,13.0,13,,,,,,,,,,
,,,,,5400,7.0,7,,,,,,,,,,
,,,,,5407,7.0,7,,,,,,,,,,
,,,,,5418,11.0,11,,,,,,,,,,
,,,,,5454,36.0,36,,,,,,,,,,
,,,,,5507,53.0,53,,,,,,,,,,
,,,,,5542,35.0,35,,,,,,,,,,
,,,,,5572,30.0,30,,,,,,,,,,
,,,,,5600,28.0,28,,,,,,,,,,
,,,,,5622,22.0,22,,,,,,,,,,
,,,,,5655,33.0,33,,,,,,,,,,
,,,,,5689,34.0,34,,,,,,,,,,
,,,,,5727,38.0,38,,,,,,,,,,
,,,,,5762,35.0,35,,,,,,,,,,
,,,,,5801,39.0,39,,,,,,,,,,
,,,,,5855,54.0,54,,,,,,,,,,
,,,,,5910,55.0,55,,,,,,,,,,
,,,,,5940,30.0,30,,,,,,,,,,
,,,,,6000,,,-4.859172344207764,-0.40815263986587524,0.6467494964599609,4.36234712600708,4.422801971435547,0.09287720918655396,0.04928348958492279,0.0003,0.0003,0.09287320077419281
,,,,,6051,111.0,111,,,,,,,,,,
,,,,,6101,50.0,50,,,,,,,,,,
,,,,,6153,52.0,52,,,,,,,,,,
,,,,,6191,38.0,38,,,,,,,,,,
,,,,,6251,60.0,60,,,,,,,,,,
,,,,,6297,46.0,46,,,,,,,,,,
,,,,,6350,53.0,53,,,,,,,,,,
,,,,,6405,55.0,55,,,,,,,,,,
,,,,,6479,74.0,74,,,,,,,,,,
,,,,,6555,76.0,76,,,,,,,,,,
,,,,,6610,55.0,55,,,,,,,,,,
,,,,,6670,60.0,60,,,,,,,,,,
,,,,,6758,88.0,88,,,,,,,,,,
,,,,,6826,68.0,68,,,,,,,,,,
,,,,,6915,89.0,89,,,,,,,,,,
,,,,,6988,73.0,73,,,,,,,,,,
,,,,,7000,,,-9.469989776611328,-0.9545058012008667,2.0799012184143066,8.260112762451172,8.294896125793457,0.09022917598485947,0.0010655918158590794,0.0003,0.0003,0.09022808074951172
,,,,,7081,93.0,93,,,,,,,,,,
,,,,,7158,77.0,77,,,,,,,,,,
,,,,,7248,90.0,90,,,,,,,,,,
,,,,,7337,89.0,89,,,,,,,,,,
,,,,,7413,76.0,76,,,,,,,,,,
,,,,,7513,100.0,100,,,,,,,,,,
,,,,,7603,90.0,90,,,,,,,,,,
,,,,,7683,80.0,80,,,,,,,,,,
,,,,,7779,96.0,96,,,,,,,,,,
,,,,,7918,139.0,139,,,,,,,,,,
,,,,,8000,,,-15.025434494018555,-0.7173546552658081,0.8469991683959961,13.530433654785156,13.570211410522461,0.08891487121582031,0.032976966351270676,0.0003,0.0003,0.08891217410564423
,,,,,8028,110.0,110,,,,,,,,,,
,,,,,8134,106.0,106,,,,,,,,,,
,,,,,8238,104.0,104,,,,,,,,,,
,,,,,8337,99.0,99,,,,,,,,,,
,,,,,8439,102.0,102,,,,,,,,,,
,,,,,8575,136.0,136,,,,,,,,,,
,,,,,8701,126.0,126,,,,,,,,,,
,,,,,8810,109.0,109,,,,,,,,,,
,,,,,8920,110.0,110,,,,,,,,,,
,,,,,9000,,,-19.537948608398438,-0.6691787242889404,1.3452932834625244,17.96385383605957,18.318994522094727,0.08347807824611664,0.03647313639521599,0.0003,0.0003,0.08346900343894958
,,,,,9039,119.0,119,,,,,,,,,,
,,,,,9168,129.0,129,,,,,,,,,,
,,,,,9248,80.0,80,,,,,,,,,,
,,,,,9348,100.0,100,,,,,,,,,,
,,,,,9420,72.0,72,,,,,,,,,,
,,,,,9498,78.0,78,,,,,,,,,,
,,,,,9574,76.0,76,,,,,,,,,,
,,,,,9650,76.0,76,,,,,,,,,,
,,,,,9729,79.0,79,,,,,,,,,,
,,,,,9815,86.0,86,,,,,,,,,,
,,,,,9885,70.0,70,,,,,,,,,,
,,,,,9981,96.0,96,,,,,,,,,,
73.2,4.707441,84.0,65.0,73.2,10000,,,-23.950395584106445,-0.744795024394989,6.925997257232666,21.208507537841797,21.157636642456055,0.07598304748535156,0.022597599774599075,0.0003,0.0003,0.07597645372152328
,,,,,10068,87.0,87,,,,,,,,,,
,,,,,10141,73.0,73,,,,,,,,,,
,,,,,10226,85.0,85,,,,,,,,,,
,,,,,10313,87.0,87,,,,,,,,,,
,,,,,10404,91.0,91,,,,,,,,,,
,,,,,10479,75.0,75,,,,,,,,,,
,,,,,10557,78.0,78,,,,,,,,,,
,,,,,10628,71.0,71,,,,,,,,,,
,,,,,10730,102.0,102,,,,,,,,,,
,,,,,10811,81.0,81,,,,,,,,,,
,,,,,10904,93.0,93,,,,,,,,,,
,,,,,11000,,,-27.434215545654297,-0.6440780758857727,1.2449525594711304,25.04607582092285,25.182209014892578,0.06941434741020203,0.021272998303174973,0.0003,0.0003,0.06940928101539612
,,,,,11005,101.0,101,,,,,,,,,,
,,,,,11075,70.0,70,,,,,,,,,,
,,,,,11149,74.0,74,,,,,,,,,,
,,,,,11224,75.0,75,,,,,,,,,,
,,,,,11287,63.0,63,,,,,,,,,,
,,,,,11352,65.0,65,,,,,,,,,,
,,,,,11423,71.0,71,,,,,,,,,,
,,,,,11487,64.0,64,,,,,,,,,,
,,,,,11546,59.0,59,,,,,,,,,,
,,,,,11602,56.0,56,,,,,,,,,,
,,,,,11663,61.0,61,,,,,,,,,,
,,,,,11721,58.0,58,,,,,,,,,,
,,,,,11782,61.0,61,,,,,,,,,,
,,,,,11845,63.0,63,,,,,,,,,,
,,,,,11908,63.0,63,,,,,,,,,,
,,,,,11970,62.0,62,,,,,,,,,,
,,,,,12000,,,-31.980730056762695,-0.9500197768211365,7.077939987182617,28.685882568359375,28.42215347290039,0.06405054777860641,0.01182420365512371,0.0003,0.0003,0.06404786556959152
,,,,,12029,59.0,59,,,,,,,,,,
,,,,,12089,60.0,60,,,,,,,,,,
,,,,,12148,59.0,59,,,,,,,,,,
,,,,,12213,65.0,65,,,,,,,,,,
,,,,,12273,60.0,60,,,,,,,,,,
,,,,,12332,59.0,59,,,,,,,,,,
,,,,,12392,60.0,60,,,,,,,,,,
,,,,,12452,60.0,60,,,,,,,,,,
,,,,,12508,56.0,56,,,,,,,,,,
,,,,,12565,57.0,57,,,,,,,,,,
,,,,,12625,60.0,60,,,,,,,,,,
,,,,,12686,61.0,61,,,,,,,,,,
,,,,,12743,57.0,57,,,,,,,,,,
,,,,,12805,62.0,62,,,,,,,,,,
,,,,,12862,57.0,57,,,,,,,,,,
,,,,,12924,62.0,62,,,,,,,,,,
,,,,,12984,60.0,60,,,,,,,,,,
,,,,,13000,,,-35.389190673828125,-0.5808826684951782,8.369458198547363,33.899173736572266,33.601051330566406,0.05983729660511017,0.020665980875492096,0.0003,0.0003,0.05983296036720276
,,,,,13044,60.0,60,,,,,,,,,,
,,,,,13098,54.0,54,,,,,,,,,,
,,,,,13155,57.0,57,,,,,,,,,,
,,,,,13211,56.0,56,,,,,,,,,,
,,,,,13269,58.0,58,,,,,,,,,,
,,,,,13328,59.0,59,,,,,,,,,,
,,,,,13385,57.0,57,,,,,,,,,,
,,,,,13439,54.0,54,,,,,,,,,,
,,,,,13495,56.0,56,,,,,,,,,,
,,,,,13557,62.0,62,,,,,,,,,,
,,,,,13614,57.0,57,,,,,,,,,,
,,,,,13673,59.0,59,,,,,,,,,,
,,,,,13729,56.0,56,,,,,,,,,,
,,,,,13784,55.0,55,,,,,,,,,,
,,,,,13843,59.0,59,,,,,,,,,,
,,,,,13897,54.0,54,,,,,,,,,,
,,,,,13950,53.0,53,,,,,,,,,,
,,,,,14000,,,-38.951229095458984,-0.8582251071929932,18.7845458984375,35.70817565917969,35.609588623046875,0.056783903390169144,0.0014720596373081207,0.0003,0.0003,0.056782279163599014
,,,,,14009,59.0,59,,,,,,,,,,
,,,,,14065,56.0,56,,,,,,,,,,
,,,,,14130,65.0,65,,,,,,,,,,
,,,,,14184,54.0,54,,,,,,,,,,
,,,,,14241,57.0,57,,,,,,,,,,
,,,,,14299,58.0,58,,,,,,,,,,
,,,,,14355,56.0,56,,,,,,,,,,
,,,,,14413,58.0,58,,,,,,,,,,
,,,,,14473,60.0,60,,,,,,,,,,
,,,,,14529,56.0,56,,,,,,,,,,
,,,,,14587,58.0,58,,,,,,,,,,
,,,,,14644,57.0,57,,,,,,,,,,
,,,,,14705,61.0,61,,,,,,,,,,
,,,,,14765,60.0,60,,,,,,,,,,
,,,,,14822,57.0,57,,,,,,,,,,
,,,,,14878,56.0,56,,,,,,,,,,
,,,,,14939,61.0,61,,,,,,,,,,
,,,,,14998,59.0,59,,,,,,,,,,
58.0,2.0,61.0,55.0,58.0,15000,,,-41.446617126464844,-0.8738346099853516,10.022466659545898,40.17958450317383,39.95054626464844,0.05550996959209442,0.010210388340055943,0.0003,0.0003,0.05550791695713997
,,,,,15051,53.0,53,,,,,,,,,,
,,,,,15110,59.0,59,,,,,,,,,,
,,,,,15168,58.0,58,,,,,,,,,,
,,,,,15228,60.0,60,,,,,,,,,,
,,,,,15288,60.0,60,,,,,,,,,,
,,,,,15346,58.0,58,,,,,,,,,,
,,,,,15405,59.0,59,,,,,,,,,,
,,,,,15461,56.0,56,,,,,,,,,,
,,,,,15519,58.0,58,,,,,,,,,,
,,,,,15580,61.0,61,,,,,,,,,,
,,,,,15643,63.0,63,,,,,,,,,,
,,,,,15702,59.0,59,,,,,,,,,,
,,,,,15761,59.0,59,,,,,,,,,,
,,,,,15820,59.0,59,,,,,,,,,,
,,,,,15882,62.0,62,,,,,,,,,,
,,,,,15938,56.0,56,,,,,,,,,,
,,,,,16000,62.0,62,,,,,,,,,,
,,,,,16000,,,-43.688072204589844,-0.8393533229827881,2.512834072113037,41.5692138671875,41.51005554199219,0.05465482920408249,0.007939755916595459,0.0003,0.0003,0.05465223267674446
,,,,,16056,56.0,56,,,,,,,,,,
,,,,,16113,57.0,57,,,,,,,,,,
,,,,,16174,61.0,61,,,,,,,,,,
,,,,,16231,57.0,57,,,,,,,,,,
,,,,,16292,61.0,61,,,,,,,,,,
,,,,,16352,60.0,60,,,,,,,,,,
,,,,,16415,63.0,63,,,,,,,,,,
,,,,,16477,62.0,62,,,,,,,,,,
,,,,,16535,58.0,58,,,,,,,,,,
,,,,,16598,63.0,63,,,,,,,,,,
,,,,,16661,63.0,63,,,,,,,,,,
,,,,,16721,60.0,60,,,,,,,,,,
,,,,,16786,65.0,65,,,,,,,,,,
,,,,,16850,64.0,64,,,,,,,,,,
,,,,,16918,68.0,68,,,,,,,,,,
,,,,,16985,67.0,67,,,,,,,,,,
,,,,,17000,,,-44.201446533203125,-0.980599582195282,6.84760046005249,43.20537185668945,43.18309783935547,0.05314602702856064,0.0021331836469471455,0.0003,0.0003,0.053145088255405426
,,,,,17047,62.0,62,,,,,,,,,,
,,,,,17114,67.0,67,,,,,,,,,,
,,,,,17181,67.0,67,,,,,,,,,,
,,,,,17252,71.0,71,,,,,,,,,,
,,,,,17316,64.0,64,,,,,,,,,,
,,,,,17384,68.0,68,,,,,,,,,,
,,,,,17448,64.0,64,,,,,,,,,,
,,,,,17515,67.0,67,,,,,,,,,,
,,,,,17582,67.0,67,,,,,,,,,,
,,,,,17653,71.0,71,,,,,,,,,,
,,,,,17722,69.0,69,,,,,,,,,,
,,,,,17792,70.0,70,,,,,,,,,,
,,,,,17859,67.0,67,,,,,,,,,,
,,,,,17930,71.0,71,,,,,,,,,,
,,,,,17999,69.0,69,,,,,,,,,,
,,,,,18000,,,-47.98155975341797,-0.8209804892539978,11.673139572143555,45.65392303466797,45.94414520263672,0.052429888397455215,0.010818840004503727,0.0003,0.0003,0.05243011564016342
,,,,,18065,66.0,66,,,,,,,,,,
,,,,,18134,69.0,69,,,,,,,,,,
,,,,,18208,74.0,74,,,,,,,,,,
,,,,,18280,72.0,72,,,,,,,,,,
,,,,,18348,68.0,68,,,,,,,,,,
,,,,,18418,70.0,70,,,,,,,,,,
,,,,,18491,73.0,73,,,,,,,,,,
,,,,,18561,70.0,70,,,,,,,,,,
,,,,,18634,73.0,73,,,,,,,,,,
,,,,,18700,66.0,66,,,,,,,,,,
,,,,,18769,69.0,69,,,,,,,,,,
,,,,,18844,75.0,75,,,,,,,,,,
,,,,,18913,69.0,69,,,,,,,,,,
,,,,,18996,83.0,83,,,,,,,,,,
,,,,,19000,,,-49.70616912841797,-1.071641445159912,10.219355583190918,45.943275451660156,45.617130279541016,0.05234132707118988,-0.0012953514233231544,0.0003,0.0003,0.05233985185623169
,,,,,19071,75.0,75,,,,,,,,,,
,,,,,19141,70.0,70,,,,,,,,,,
,,,,,19215,74.0,74,,,,,,,,,,
,,,,,19285,70.0,70,,,,,,,,,,
,,,,,19358,73.0,73,,,,,,,,,,
,,,,,19436,78.0,78,,,,,,,,,,
,,,,,19509,73.0,73,,,,,,,,,,
,,,,,19587,78.0,78,,,,,,,,,,
,,,,,19661,74.0,74,,,,,,,,,,
,,,,,19739,78.0,78,,,,,,,,,,
,,,,,19815,76.0,76,,,,,,,,,,
,,,,,19893,78.0,78,,,,,,,,,,
,,,,,19971,78.0,78,,,,,,,,,,
89.0,6.0,100.0,80.0,89.0,20000,,,-50.64638900756836,-0.9963038563728333,19.943571090698242,48.38177490234375,47.97944641113281,0.05134705454111099,-0.002541684079915285,0.0003,0.0003,0.051343996077775955
,,,,,20053,82.0,82,,,,,,,,,,
,,,,,20133,80.0,80,,,,,,,,,,
,,,,,20219,86.0,86,,,,,,,,,,
,,,,,20315,96.0,96,,,,,,,,,,
,,,,,20408,93.0,93,,,,,,,,,,
,,,,,20495,87.0,87,,,,,,,,,,
,,,,,20585,90.0,90,,,,,,,,,,
,,,,,20682,97.0,97,,,,,,,,,,
,,,,,20777,95.0,95,,,,,,,,,,
,,,,,21000,,,-53.46207809448242,-0.953162670135498,7.402488708496094,51.489959716796875,51.604766845703125,0.0505547896027565,0.002627165988087654,0.0003,0.0003,0.05055823549628258
,,,,,21076,299.0,299,,,,,,,,,,
,,,,,21540,464.0,464,,,,,,,,,,
,,,,,21781,241.0,241,,,,,,,,,,
,,,,,22000,,,-57.02393341064453,-0.9064153432846069,6.481086730957031,53.41868591308594,53.230560302734375,0.053719956427812576,0.0005812130402773619,0.0003,0.0003,0.053728312253952026
,,,,,22781,1000.0,1000,,,,,,,,,,
,,,,,22848,67.0,67,,,,,,,,,,
,,,,,22911,63.0,63,,,,,,,,,,
,,,,,22982,71.0,71,,,,,,,,,,
,,,,,23000,,,-59.12195587158203,-1.0368788242340088,17.849149703979492,56.29945755004883,56.13933563232422,0.05841128155589104,-0.0011238777078688145,0.0003,0.0003,0.058414582163095474
,,,,,23054,72.0,72,,,,,,,,,,
,,,,,23129,75.0,75,,,,,,,,,,
,,,,,23206,77.0,77,,,,,,,,,,
,,,,,23289,83.0,83,,,,,,,,,,
,,,,,23361,72.0,72,,,,,,,,,,
,,,,,23443,82.0,82,,,,,,,,,,
,,,,,23515,72.0,72,,,,,,,,,,
,,,,,23594,79.0,79,,,,,,,,,,
,,,,,23664,70.0,70,,,,,,,,,,
,,,,,23740,76.0,76,,,,,,,,,,
,,,,,23851,111.0,111,,,,,,,,,,
,,,,,24000,,,-58.50654602050781,-1.1562610864639282,13.790380477905273,56.31354522705078,55.7587890625,0.061266858130693436,-0.008207585662603378,0.0003,0.0003,0.06126938387751579
,,,,,24851,1000.0,1000,,,,,,,,,,
189.4,273.8113,1000.0,75.0,189.4,25000,,,-60.22098922729492,-1.058278203010559,3.4875235557556152,58.296627044677734,58.43426513671875,0.06381678581237793,0.0007547643035650253,0.0003,0.0003,0.0638180673122406
,,,,,25851,1000.0,1000,,,,,,,,,,
,,,,,25928,77.0,77,,,,,,,,,,
,,,,,26000,,,-63.41840362548828,-1.21690833568573,7.511201858520508,61.26314926147461,61.48331832885742,0.0658344030380249,-0.011751076206564903,0.0003,0.0003,0.06583872437477112
,,,,,26041,113.0,113,,,,,,,,,,
,,,,,26140,99.0,99,,,,,,,,,,
,,,,,26219,79.0,79,,,,,,,,,,
,,,,,26311,92.0,92,,,,,,,,,,
,,,,,26404,93.0,93,,,,,,,,,,
,,,,,26490,86.0,86,,,,,,,,,,
,,,,,26562,72.0,72,,,,,,,,,,
,,,,,26638,76.0,76,,,,,,,,,,
,,,,,26709,71.0,71,,,,,,,,,,
,,,,,26786,77.0,77,,,,,,,,,,
,,,,,26886,100.0,100,,,,,,,,,,
,,,,,26965,79.0,79,,,,,,,,,,
,,,,,27000,,,-66.44868469238281,-1.0165989398956299,3.763216972351074,64.60638427734375,64.68162536621094,0.06971701979637146,-0.0015624002553522587,0.0003,0.0003,0.06971791386604309
,,,,,27048,83.0,83,,,,,,,,,,
,,,,,27127,79.0,79,,,,,,,,,,
,,,,,27217,90.0,90,,,,,,,,,,
,,,,,27309,92.0,92,,,,,,,,,,
,,,,,27401,92.0,92,,,,,,,,,,
,,,,,27487,86.0,86,,,,,,,,,,
,,,,,27569,82.0,82,,,,,,,,,,
,,,,,27651,82.0,82,,,,,,,,,,
,,,,,27738,87.0,87,,,,,,,,,,
,,,,,27843,105.0,105,,,,,,,,,,
,,,,,27921,78.0,78,,,,,,,,,,
,,,,,27995,74.0,74,,,,,,,,,,
,,,,,28000,,,-65.35487365722656,-1.1785119771957397,5.86970329284668,62.845829010009766,62.56927490234375,0.07304804027080536,0.0017557365354150534,0.0003,0.0003,0.07304995507001877
,,,,,28077,82.0,82,,,,,,,,,,
,,,,,28162,85.0,85,,,,,,,,,,
,,,,,28257,95.0,95,,,,,,,,,,
,,,,,28340,83.0,83,,,,,,,,,,
,,,,,28428,88.0,88,,,,,,,,,,
,,,,,28519,91.0,91,,,,,,,,,,
,,,,,28611,92.0,92,,,,,,,,,,
,,,,,28704,93.0,93,,,,,,,,,,
,,,,,28810,106.0,106,,,,,,,,,,
,,,,,28915,105.0,105,,,,,,,,,,
,,,,,29000,,,-67.6496353149414,-1.0293920040130615,9.465059280395508,65.37533569335938,65.11001586914062,0.07594914734363556,0.010202239267528057,0.0003,0.0003,0.07595088332891464
,,,,,29022,107.0,107,,,,,,,,,,
,,,,,29120,98.0,98,,,,,,,,,,
,,,,,29231,111.0,111,,,,,,,,,,
,,,,,29346,115.0,115,,,,,,,,,,
267.2,366.50067,1000.0,71.0,267.2,30000,,,-69.77099609375,-1.09489107131958,12.223149299621582,67.86339569091797,67.55752563476562,0.08015850186347961,-0.021485168486833572,0.0003,0.0003,0.08016514778137207
,,,,,30346,1000.0,1000,,,,,,,,,,
,,,,,30415,69.0,69,,,,,,,,,,
,,,,,30477,62.0,62,,,,,,,,,,
,,,,,30541,64.0,64,,,,,,,,,,
,,,,,30620,79.0,79,,,,,,,,,,
,,,,,30692,72.0,72,,,,,,,,,,
,,,,,30798,106.0,106,,,,,,,,,,
,,,,,30873,75.0,75,,,,,,,,,,
,,,,,30941,68.0,68,,,,,,,,,,
,,,,,31000,,,-72.28402709960938,-0.9413370490074158,6.918807506561279,69.97402954101562,70.03736877441406,0.08393367379903793,0.009458346292376518,0.0003,0.0003,0.08393701910972595
,,,,,31011,70.0,70,,,,,,,,,,
,,,,,31085,74.0,74,,,,,,,,,,
,,,,,31164,79.0,79,,,,,,,,,,
,,,,,31237,73.0,73,,,,,,,,,,
,,,,,31308,71.0,71,,,,,,,,,,
,,,,,31391,83.0,83,,,,,,,,,,
,,,,,31489,98.0,98,,,,,,,,,,
,,,,,31598,109.0,109,,,,,,,,,,
,,,,,31690,92.0,92,,,,,,,,,,
,,,,,31767,77.0,77,,,,,,,,,,
,,,,,31873,106.0,106,,,,,,,,,,
,,,,,31997,124.0,124,,,,,,,,,,
,,,,,32000,,,-73.62386322021484,-1.383997917175293,15.71902847290039,69.90461730957031,69.49081420898438,0.08599232882261276,-0.025408416986465454,0.0003,0.0003,0.08599944412708282
,,,,,32113,116.0,116,,,,,,,,,,
,,,,,32210,97.0,97,,,,,,,,,,
,,,,,32309,99.0,99,,,,,,,,,,
,,,,,32422,113.0,113,,,,,,,,,,
,,,,,32535,113.0,113,,,,,,,,,,
,,,,,32693,158.0,158,,,,,,,,,,
,,,,,32796,103.0,103,,,,,,,,,,
,,,,,32888,92.0,92,,,,,,,,,,
,,,,,32981,93.0,93,,,,,,,,,,
,,,,,33000,,,-77.45728302001953,-1.1264971494674683,23.924535751342773,75.52288818359375,75.14163208007812,0.08848778158426285,-0.010933359153568745,0.0003,0.0003,0.08848849684000015
,,,,,33062,81.0,81,,,,,,,,,,
,,,,,33139,77.0,77,,,,,,,,,,
,,,,,33227,88.0,88,,,,,,,,,,
,,,,,33317,90.0,90,,,,,,,,,,
,,,,,33409,92.0,92,,,,,,,,,,
,,,,,33486,77.0,77,,,,,,,,,,
,,,,,33574,88.0,88,,,,,,,,,,
,,,,,33671,97.0,97,,,,,,,,,,
,,,,,33748,77.0,77,,,,,,,,,,
,,,,,33834,86.0,86,,,,,,,,,,
,,,,,33916,82.0,82,,,,,,,,,,
,,,,,33999,83.0,83,,,,,,,,,,
,,,,,34000,,,-77.87008666992188,-0.9255188703536987,8.028108596801758,76.71764373779297,76.82220458984375,0.09156765043735504,-0.009798230603337288,0.0003,0.0003,0.09157289564609528
,,,,,34084,85.0,85,,,,,,,,,,
,,,,,34158,74.0,74,,,,,,,,,,
,,,,,34237,79.0,79,,,,,,,,,,
,,,,,34317,80.0,80,,,,,,,,,,
,,,,,34397,80.0,80,,,,,,,,,,
,,,,,34475,78.0,78,,,,,,,,,,
,,,,,34551,76.0,76,,,,,,,,,,
,,,,,34626,75.0,75,,,,,,,,,,
,,,,,34708,82.0,82,,,,,,,,,,
,,,,,34795,87.0,87,,,,,,,,,,
,,,,,34884,89.0,89,,,,,,,,,,
,,,,,34959,75.0,75,,,,,,,,,,
74.9,4.9284887,84.0,66.0,74.9,35000,,,-78.91240692138672,-1.157866358757019,39.75459671020508,74.93555450439453,73.96900939941406,0.09619276970624924,-0.009701808914542198,0.0003,0.0003,0.09620010852813721
,,,,,35054,95.0,95,,,,,,,,,,
,,,,,35141,87.0,87,,,,,,,,,,
,,,,,35228,87.0,87,,,,,,,,,,
,,,,,35311,83.0,83,,,,,,,,,,
,,,,,35389,78.0,78,,,,,,,,,,
,,,,,35462,73.0,73,,,,,,,,,,
,,,,,35535,73.0,73,,,,,,,,,,
,,,,,35604,69.0,69,,,,,,,,,,
,,,,,35669,65.0,65,,,,,,,,,,
,,,,,35745,76.0,76,,,,,,,,,,
,,,,,35818,73.0,73,,,,,,,,,,
,,,,,35887,69.0,69,,,,,,,,,,
,,,,,35959,72.0,72,,,,,,,,,,
,,,,,36000,,,-80.92882537841797,-0.9169017672538757,5.119812965393066,79.22320556640625,79.54131317138672,0.10328348726034164,0.009471254423260689,0.0003,0.0003,0.10328582674264908
,,,,,36035,76.0,76,,,,,,,,,,
,,,,,36109,74.0,74,,,,,,,,,,
,,,,,36185,76.0,76,,,,,,,,,,
,,,,,36265,80.0,80,,,,,,,,,,
,,,,,36334,69.0,69,,,,,,,,,,
,,,,,36399,65.0,65,,,,,,,,,,
,,,,,36465,66.0,66,,,,,,,,,,
,,,,,36539,74.0,74,,,,,,,,,,
,,,,,36615,76.0,76,,,,,,,,,,
,,,,,36686,71.0,71,,,,,,,,,,
,,,,,36756,70.0,70,,,,,,,,,,
,,,,,36823,67.0,67,,,,,,,,,,
,,,,,36901,78.0,78,,,,,,,,,,
,,,,,36974,73.0,73,,,,,,,,,,
,,,,,37000,,,-81.04586029052734,-1.1547880172729492,7.834410190582275,79.02088928222656,78.59008026123047,0.10975871980190277,-0.016355540603399277,0.0003,0.0003,0.10976476222276688
,,,,,37043,69.0,69,,,,,,,,,,
,,,,,37112,69.0,69,,,,,,,,,,
,,,,,37178,66.0,66,,,,,,,,,,
,,,,,37244,66.0,66,,,,,,,,,,
,,,,,37312,68.0,68,,,,,,,,,,
,,,,,37374,62.0,62,,,,,,,,,,
,,,,,37440,66.0,66,,,,,,,,,,
,,,,,37505,65.0,65,,,,,,,,,,
,,,,,37570,65.0,65,,,,,,,,,,
,,,,,37630,60.0,60,,,,,,,,,,
,,,,,37696,66.0,66,,,,,,,,,,
,,,,,37757,61.0,61,,,,,,,,,,
,,,,,37818,61.0,61,,,,,,,,,,
,,,,,37891,73.0,73,,,,,,,,,,
,,,,,37958,67.0,67,,,,,,,,,,
,,,,,38000,,,-79.57685089111328,-1.19894540309906,10.755828857421875,76.87506103515625,76.64639282226562,0.11650178581476212,-0.012618795037269592,0.0003,0.0003,0.1165105327963829
,,,,,38025,67.0,67,,,,,,,,,,
,,,,,38090,65.0,65,,,,,,,,,,
,,,,,38158,68.0,68,,,,,,,,,,
,,,,,38225,67.0,67,,,,,,,,,,
,,,,,38285,60.0,60,,,,,,,,,,
,,,,,38349,64.0,64,,,,,,,,,,
,,,,,38423,74.0,74,,,,,,,,,,
,,,,,38486,63.0,63,,,,,,,,,,
,,,,,38559,73.0,73,,,,,,,,,,
,,,,,38626,67.0,67,,,,,,,,,,
,,,,,38697,71.0,71,,,,,,,,,,
,,,,,38763,66.0,66,,,,,,,,,,
,,,,,38829,66.0,66,,,,,,,,,,
,,,,,38891,62.0,62,,,,,,,,,,
,,,,,38958,67.0,67,,,,,,,,,,
,,,,,39000,,,-84.85918426513672,-0.9330626130104065,22.481548309326172,81.64616394042969,81.35612487792969,0.11747356504201889,0.003029685001820326,0.0003,0.0003,0.11746910959482193
,,,,,39023,65.0,65,,,,,,,,,,
,,,,,39095,72.0,72,,,,,,,,,,
,,,,,39164,69.0,69,,,,,,,,,,
,,,,,39235,71.0,71,,,,,,,,,,
,,,,,39361,126.0,126,,,,,,,,,,
,,,,,39427,66.0,66,,,,,,,,,,
,,,,,39495,68.0,68,,,,,,,,,,
,,,,,39635,140.0,140,,,,,,,,,,
,,,,,39705,70.0,70,,,,,,,,,,
,,,,,39768,63.0,63,,,,,,,,,,
,,,,,39830,62.0,62,,,,,,,,,,
,,,,,39898,68.0,68,,,,,,,,,,
,,,,,39963,65.0,65,,,,,,,,,,
64.3,3.0675724,69.0,59.0,64.3,40000,,,-82.874267578125,-0.9830506443977356,24.132469177246094,78.329345703125,78.09819030761719,0.11753533780574799,-0.00870729424059391,0.0003,0.0003,0.11753657460212708
,,,,,40136,173.0,173,,,,,,,,,,
,,,,,40204,68.0,68,,,,,,,,,,
,,,,,40272,68.0,68,,,,,,,,,,
,,,,,40432,160.0,160,,,,,,,,,,
,,,,,40493,61.0,61,,,,,,,,,,
,,,,,40568,75.0,75,,,,,,,,,,
,,,,,40628,60.0,60,,,,,,,,,,
,,,,,40691,63.0,63,,,,,,,,,,
,,,,,40754,63.0,63,,,,,,,,,,
,,,,,40802,48.0,48,,,,,,,,,,
,,,,,40868,66.0,66,,,,,,,,,,
,,,,,40946,78.0,78,,,,,,,,,,
,,,,,41000,,,-84.86111450195312,-1.169392704963684,34.24748229980469,82.65287780761719,82.42393493652344,0.12265630066394806,-0.010677504353225231,0.0003,0.0003,0.12265925854444504
,,,,,41011,65.0,65,,,,,,,,,,
,,,,,41248,237.0,237,,,,,,,,,,
,,,,,41583,335.0,335,,,,,,,,,,
,,,,,41657,74.0,74,,,,,,,,,,
,,,,,41733,76.0,76,,,,,,,,,,
,,,,,42000,,,-84.77386474609375,-1.0719430446624756,11.616613388061523,82.1397705078125,82.2607192993164,0.12279098480939865,-0.0037934770807623863,0.0003,0.0003,0.12279429286718369
,,,,,42047,314.0,314,,,,,,,,,,
,,,,,42101,54.0,54,,,,,,,,,,
,,,,,42166,65.0,65,,,,,,,,,,
,,,,,43000,,,-84.40275573730469,-0.8718900680541992,11.383040428161621,82.92243194580078,83.4905014038086,0.11547169834375381,0.005374862812459469,0.0003,0.0003,0.11546707153320312
,,,,,43166,1000.0,1000,,,,,,,,,,
,,,,,44000,,,-84.76210021972656,-0.9368082284927368,20.037738800048828,78.97218322753906,78.23544311523438,0.10848826915025711,-0.009646980091929436,0.0003,0.0003,0.10848478227853775
,,,,,44166,1000.0,1000,,,,,,,,,,
1000.0,0.0,1000.0,1000.0,1000.0,45000,,,-85.58252716064453,-0.9972843527793884,2.868001937866211,84.51083374023438,84.41610717773438,0.10364101827144623,0.0013036355376243591,0.0003,0.0003,0.10363563150167465
,,,,,45166,1000.0,1000,,,,,,,,,,
,,,,,46000,,,-85.07823181152344,-0.9120044708251953,11.12414836883545,83.3219223022461,82.93890380859375,0.10184244811534882,-0.015606936067342758,0.0003,0.0003,0.10184619575738907
,,,,,46166,1000.0,1000,,,,,,,,,,
,,,,,47000,,,-87.46996307373047,-0.9213135838508606,2.0308282375335693,86.65415954589844,86.57012939453125,0.10052584111690521,0.021138932555913925,0.0003,0.0003,0.1005241647362709
,,,,,47166,1000.0,1000,,,,,,,,,,
,,,,,48000,,,-84.92542266845703,-0.9452413320541382,4.76216459274292,83.25738525390625,83.64218139648438,0.09840647876262665,0.009863115847110748,0.0003,0.0003,0.09840486198663712
,,,,,48166,1000.0,1000,,,,,,,,,,
,,,,,49000,,,-85.580078125,-1.0974032878875732,12.547510147094727,82.81854248046875,82.95515441894531,0.09434395283460617,-0.010948199778795242,0.0003,0.0003,0.09434016793966293
,,,,,49166,1000.0,1000,,,,,,,,,,
