Eval_AverageReturn,Eval_StdReturn,Eval_MaxReturn,Eval_MinReturn,Eval_AverageEpLen,step,Train_EpisodeReturn,Train_EpisodeLen,critic_loss,q_values,target_values,grad_norm,epsilon,lr
-821.95135,283.82227,-460.26825,-1293.2249,110.8,0,,,,,,,,
,,,,,64,-163.92368,65,,,,,,
,,,,,135,-137.96722,71,,,,,,
,,,,,202,-146.72429,67,,,,,,
,,,,,317,-142.52664,115,,,,,,
,,,,,419,-341.75027,102,,,,,,
,,,,,490,-112.37927,71,,,,,,
,,,,,592,-123.58272,102,,,,,,
,,,,,664,-197.59363,72,,,,,,
,,,,,779,-117.42221,115,,,,,,
,,,,,861,-108.44379,82,,,,,,
,,,,,988,-175.14569,127,,,,,,
,,,,,1065,-134.54918,77,,,,,,
,,,,,1152,-390.33014,87,,,,,,
,,,,,1255,-130.40167,103,,,,,,
,,,,,1348,-268.07385,93,,,,,,
,,,,,1433,-116.187614,85,,,,,,
,,,,,1500,-118.58359,67,,,,,,
,,,,,1579,-185.50597,79,,,,,,
,,,,,1688,-147.53903,109,,,,,,
,,,,,1772,-228.25359,84,,,,,,
,,,,,1835,-194.24377,63,,,,,,
,,,,,1912,-119.511765,77,,,,,,
,,,,,1999,-407.45654,87,,,,,,
,,,,,2101,-360.62323,102,,,,,,
,,,,,2204,-1.1714706,103,,,,,,
,,,,,2285,-237.19182,81,,,,,,
,,,,,2398,11.588356,113,,,,,,
,,,,,2465,-85.20137,67,,,,,,
,,,,,2541,-173.92683,76,,,,,,
,,,,,2649,-147.26324,108,,,,,,
,,,,,2748,-94.29563,99,,,,,,
,,,,,2837,-163.71992,89,,,,,,
,,,,,2903,-189.44412,66,,,,,,
,,,,,2974,-67.32779,71,,,,,,
,,,,,3088,-120.65233,114,,,,,,
,,,,,3161,-108.23166,73,,,,,,
,,,,,3235,-70.41857,74,,,,,,
,,,,,3334,-107.28199,99,,,,,,
,,,,,3452,-221.7106,118,,,,,,
,,,,,3584,-113.68319,132,,,,,,
,,,,,3682,-173.59879,98,,,,,,
,,,,,3771,-378.7757,89,,,,,,
,,,,,3893,-464.74918,122,,,,,,
,,,,,3984,-106.770325,91,,,,,,
,,,,,4060,-115.26047,76,,,,,,
,,,,,4120,-54.322983,60,,,,,,
,,,,,4198,-105.06168,78,,,,,,
,,,,,4336,-206.42267,138,,,,,,
,,,,,4426,-120.61165,90,,,,,,
,,,,,4515,-352.45514,89,,,,,,
,,,,,4608,-164.4906,93,,,,,,
,,,,,4691,-218.19379,83,,,,,,
,,,,,4788,-258.67334,97,,,,,,
,,,,,4854,-38.083218,66,,,,,,
,,,,,4927,-66.783905,73,,,,,,
,,,,,4989,-74.86415,62,,,,,,
,,,,,5070,-95.58313,81,,,,,,
,,,,,5141,-331.07672,71,,,,,,
,,,,,5216,-89.711,75,,,,,,
,,,,,5303,-192.02328,87,,,,,,
,,,,,5369,-71.0119,66,,,,,,
,,,,,5472,-218.51392,103,,,,,,
,,,,,5572,-146.7148,100,,,,,,
,,,,,5661,-217.44203,89,,,,,,
,,,,,5743,-143.00984,82,,,,,,
,,,,,5822,-280.79065,79,,,,,,
,,,,,5906,-109.35926,84,,,,,,
,,,,,5997,-336.48816,91,,,,,,
,,,,,6122,-182.01715,125,,,,,,
,,,,,6194,-75.41279,72,,,,,,
,,,,,6269,-209.9674,75,,,,,,
,,,,,6350,-56.766186,81,,,,,,
,,,,,6428,-185.4242,78,,,,,,
,,,,,6527,-215.90846,99,,,,,,
,,,,,6635,-221.84186,108,,,,,,
,,,,,6700,-266.71823,65,,,,,,
,,,,,6765,-88.964935,65,,,,,,
,,,,,6867,10.271492,102,,,,,,
,,,,,6940,-85.66743,73,,,,,,
,,,,,7054,-144.18312,114,,,,,,
,,,,,7133,-95.84635,79,,,,,,
,,,,,7244,-179.253,111,,,,,,
,,,,,7322,-355.6095,78,,,,,,
,,,,,7413,-375.61203,91,,,,,,
,,,,,7524,-127.23346,111,,,,,,
,,,,,7610,-244.60432,86,,,,,,
,,,,,7677,-69.7977,67,,,,,,
,,,,,7767,-377.9876,90,,,,,,
,,,,,7916,-218.81525,149,,,,,,
,,,,,8010,-373.48282,94,,,,,,
,,,,,8091,-193.69002,81,,,,,,
,,,,,8172,-109.98897,81,,,,,,
,,,,,8308,-357.5349,136,,,,,,
,,,,,8400,-297.4451,92,,,,,,
,,,,,8527,-264.1807,127,,,,,,
,,,,,8630,-277.47314,103,,,,,,
,,,,,8729,-138.7928,99,,,,,,
,,,,,8802,-49.95671,73,,,,,,
,,,,,8882,-54.653004,80,,,,,,
,,,,,8966,-123.50185,84,,,,,,
,,,,,9114,-185.4707,148,,,,,,
,,,,,9238,-156.63063,124,,,,,,
,,,,,9365,-165.17676,127,,,,,,
,,,,,9431,-92.33545,66,,,,,,
,,,,,9494,-113.95862,63,,,,,,
,,,,,9620,-112.41275,126,,,,,,
,,,,,9716,-332.71994,96,,,,,,
,,,,,9812,-345.70294,96,,,,,,
,,,,,9907,-77.290276,95,,,,,,
,,,,,9996,-358.4489,89,,,,,,
-1107.7878,558.61804,-534.44666,-2246.4338,149.6,10000,,,,,,,,
,,,,,10082,-430.53632,86,,,,,,
,,,,,10165,-157.38625,83,,,,,,
,,,,,10254,-98.11189,89,,,,,,
,,,,,10346,-76.01994,92,,,,,,
,,,,,10425,-91.752846,79,,,,,,
,,,,,10505,-367.60608,80,,,,,,
,,,,,10585,-178.66583,80,,,,,,
,,,,,10680,-399.48907,95,,,,,,
,,,,,10752,-83.459045,72,,,,,,
,,,,,10887,-159.37964,135,,,,,,
,,,,,10953,-192.08188,66,,,,,,
,,,,,11023,-55.226425,70,,,,,,
,,,,,11118,-431.9003,95,,,,,,
,,,,,11181,-88.40122,63,,,,,,
,,,,,11251,-146.77687,70,,,,,,
,,,,,11319,-235.3647,68,,,,,,
,,,,,11411,-344.1647,92,,,,,,
,,,,,11546,-112.80185,135,,,,,,
,,,,,11673,-4.7190704,127,,,,,,
,,,,,11780,-159.25354,107,,,,,,
,,,,,11877,-116.010994,97,,,,,,
,,,,,11971,-201.61414,94,,,,,,
,,,,,12066,-353.72955,95,,,,,,
,,,,,12130,-295.63428,64,,,,,,
,,,,,12222,-324.7161,92,,,,,,
,,,,,12379,-263.40643,157,,,,,,
,,,,,12497,-114.61745,118,,,,,,
,,,,,12577,-63.888306,80,,,,,,
,,,,,12649,-275.4254,72,,,,,,
,,,,,12765,-113.188065,116,,,,,,
,,,,,12856,-152.27635,91,,,,,,
,,,,,12939,-406.5075,83,,,,,,
,,,,,13062,-328.2022,123,,,,,,
,,,,,13152,-422.55356,90,,,,,,
,,,,,13228,-47.716484,76,,,,,,
,,,,,13324,-296.71072,96,,,,,,
,,,,,13458,4.90184,134,,,,,,
,,,,,13546,-358.58368,88,,,,,,
,,,,,13671,-330.14264,125,,,,,,
,,,,,13740,-131.03314,69,,,,,,
,,,,,13841,-40.28745,101,,,,,,
,,,,,13952,-198.08792,111,,,,,,
,,,,,14042,-401.10522,90,,,,,,
,,,,,14142,-417.4188,100,,,,,,
,,,,,14219,-92.10858,77,,,,,,
,,,,,14375,-286.58783,156,,,,,,
,,,,,14457,-247.18265,82,,,,,,
,,,,,14554,-166.11563,97,,,,,,
,,,,,14618,-170.34418,64,,,,,,
,,,,,14699,-166.84772,81,,,,,,
,,,,,14818,-485.81635,119,,,,,,
,,,,,14886,-96.01232,68,,,,,,
,,,,,14954,-22.219124,68,,,,,,
,,,,,15022,-65.08966,68,,,,,,
,,,,,15102,-89.08383,80,,,,,,
,,,,,15190,-430.4968,88,,,,,,
,,,,,15298,-438.22302,108,,,,,,
,,,,,15414,-311.5306,116,,,,,,
,,,,,15502,-377.33093,88,,,,,,
,,,,,15593,-292.53824,91,,,,,,
,,,,,15672,-106.04487,79,,,,,,
,,,,,15745,-72.49274,73,,,,,,
,,,,,15820,-257.21585,75,,,,,,
,,,,,15913,-129.71027,93,,,,,,
,,,,,15988,-324.02686,75,,,,,,
,,,,,16065,-61.759842,77,,,,,,
,,,,,16128,-104.616264,63,,,,,,
,,,,,16214,-91.57404,86,,,,,,
,,,,,16287,-289.56268,73,,,,,,
,,,,,16354,-78.54585,67,,,,,,
,,,,,16433,-64.99112,79,,,,,,
,,,,,16550,-135.12402,117,,,,,,
,,,,,16653,-432.62448,103,,,,,,
,,,,,16727,-290.2916,74,,,,,,
,,,,,16818,-292.0581,91,,,,,,
,,,,,16917,-579.71387,99,,,,,,
,,,,,17010,-233.94702,93,,,,,,
,,,,,17161,-307.50058,151,,,,,,
,,,,,17264,-337.50806,103,,,,,,
,,,,,17351,-264.8113,87,,,,,,
,,,,,17460,-250.37787,109,,,,,,
,,,,,17573,-295.65295,113,,,,,,
,,,,,17685,-384.48703,112,,,,,,
,,,,,17790,-351.4251,105,,,,,,
,,,,,17863,-90.83268,73,,,,,,
,,,,,17944,-75.741394,81,,,,,,
,,,,,18041,-264.62402,97,,,,,,
,,,,,18145,-435.77164,104,,,,,,
,,,,,18242,-433.79105,97,,,,,,
,,,,,18327,-263.86127,85,,,,,,
,,,,,18443,-183.27225,116,,,,,,
,,,,,18540,-102.4787,97,,,,,,
,,,,,18643,-76.02792,103,,,,,,
,,,,,18718,-102.92641,75,,,,,,
,,,,,18787,-225.39825,69,,,,,,
,,,,,18883,-205.61125,96,,,,,,
,,,,,18985,-552.0554,102,,,,,,
,,,,,19133,-341.92572,148,,,,,,
,,,,,19205,-233.1447,72,,,,,,
,,,,,19340,-360.91052,135,,,,,,
,,,,,19481,-103.53913,141,,,,,,
,,,,,19549,-89.90222,68,,,,,,
,,,,,19664,-436.5566,115,,,,,,
,,,,,19733,-82.561325,69,,,,,,
,,,,,19808,-233.86963,75,,,,,,
,,,,,19891,-174.75009,83,,,,,,
-880.6429,224.55907,-495.6214,-1343.0992,129.5,20000,,,7.552460193634033,-0.03674568980932236,-0.9652377367019653,6.114016056060791,0.88,0.0001
,,,,,20003,-355.1043,112,,,,,,
,,,,,20096,-462.2752,93,,,,,,
,,,,,20226,-373.95407,130,,,,,,
,,,,,20329,-164.38788,103,,,,,,
,,,,,20433,-103.15522,104,,,,,,
,,,,,20537,-89.34577,104,,,,,,
,,,,,20675,-177.3327,138,,,,,,
,,,,,20757,-46.728,82,,,,,,
,,,,,20834,-22.738106,77,,,,,,
,,,,,20929,-104.15326,95,,,,,,
,,,,,20996,-60.813057,67,,,,,,
,,,,,21000,,,5.659402847290039,-1.620585322380066,-1.712632656097412,5.941109657287598,0.874,0.0001
,,,,,21121,-115.76795,125,,,,,,
,,,,,21186,-120.5578,65,,,,,,
,,,,,21314,-55.122337,128,,,,,,
,,,,,21419,-6.6033096,105,,,,,,
,,,,,21540,-279.9616,121,,,,,,
,,,,,21615,-88.58422,75,,,,,,
,,,,,21712,-90.46166,97,,,,,,
,,,,,21803,-47.693436,91,,,,,,
,,,,,21880,-62.78238,77,,,,,,
,,,,,21998,-270.7697,118,,,,,,
,,,,,22000,,,14.27869701385498,-2.406586170196533,-1.684578537940979,15.152619361877441,0.868,0.0001
,,,,,22080,-175.22556,82,,,,,,
,,,,,22154,-78.81331,74,,,,,,
,,,,,22288,-242.37207,134,,,,,,
,,,,,22394,-197.12581,106,,,,,,
,,,,,22512,-209.18777,118,,,,,,
,,,,,22636,-245.25983,124,,,,,,
,,,,,22727,-267.9873,91,,,,,,
,,,,,22820,-80.58989,93,,,,,,
,,,,,22896,-63.458237,76,,,,,,
,,,,,22973,-263.8152,77,,,,,,
,,,,,23000,,,4.92118501663208,-3.0209875106811523,-2.3688645362854004,14.187871932983398,0.862,0.0001
,,,,,23111,-259.3166,138,,,,,,
,,,,,23243,-167.0339,132,,,,,,
,,,,,23313,-45.4316,70,,,,,,
,,,,,23436,-465.7966,123,,,,,,
,,,,,23515,-115.96392,79,,,,,,
,,,,,23644,-204.83496,129,,,,,,
,,,,,23786,-202.29208,142,,,,,,
,,,,,23917,-59.024174,131,,,,,,
,,,,,24000,,,9.409469604492188,-4.694698333740234,-4.159801483154297,12.939799308776855,0.856,0.0001
,,,,,24055,-113.32385,138,,,,,,
,,,,,24163,-143.72635,108,,,,,,
,,,,,24285,-149.49298,122,,,,,,
,,,,,24419,-73.95526,134,,,,,,
,,,,,24504,-148.88708,85,,,,,,
,,,,,24592,-332.08606,88,,,,,,
,,,,,24708,-256.80173,116,,,,,,
,,,,,24778,-84.94188,70,,,,,,
,,,,,24886,-129.94041,108,,,,,,
,,,,,25000,,,4.003534317016602,-3.3426599502563477,-3.5330801010131836,16.476205825805664,0.85,0.0001
,,,,,25002,-46.147938,116,,,,,,
,,,,,25081,-119.24184,79,,,,,,
,,,,,25204,-336.43713,123,,,,,,
,,,,,25269,-86.36275,65,,,,,,
,,,,,25394,-206.217,125,,,,,,
,,,,,25501,-158.57957,107,,,,,,
,,,,,25583,-29.804817,82,,,,,,
,,,,,25694,-119.98587,111,,,,,,
,,,,,25806,-176.53207,112,,,,,,
,,,,,25917,-204.8465,111,,,,,,
,,,,,26000,,,56.35928726196289,-4.73287296295166,-5.664706230163574,36.08652114868164,0.844,0.0001
,,,,,26040,-102.77027,123,,,,,,
,,,,,26119,-82.51585,79,,,,,,
,,,,,26258,-234.5644,139,,,,,,
,,,,,26377,-145.38376,119,,,,,,
,,,,,26464,-79.133224,87,,,,,,
,,,,,26543,-45.832615,79,,,,,,
,,,,,26615,-42.65464,72,,,,,,
,,,,,26683,-242.47821,68,,,,,,
,,,,,26778,-83.01976,95,,,,,,
,,,,,26892,-346.1643,114,,,,,,
,,,,,27000,,,1.6017993688583374,-0.22541940212249756,-0.07173621654510498,16.11992073059082,0.838,0.0001
,,,,,27020,-215.03035,128,,,,,,
,,,,,27093,-130.92073,73,,,,,,
,,,,,27198,-488.63803,105,,,,,,
,,,,,27328,-93.35288,130,,,,,,
,,,,,27419,-131.36327,91,,,,,,
,,,,,27487,-102.75938,68,,,,,,
,,,,,27607,-214.77832,120,,,,,,
,,,,,27703,-198.29686,96,,,,,,
,,,,,27821,-173.66566,118,,,,,,
,,,,,27891,-160.5,70,,,,,,
,,,,,27969,-101.04974,78,,,,,,
,,,,,28000,,,36.287025451660156,-5.371976852416992,-5.996614456176758,32.77446746826172,0.832,0.0001
,,,,,28069,-172.93149,100,,,,,,
,,,,,28162,-121.11903,93,,,,,,
,,,,,28261,-116.453545,99,,,,,,
,,,,,28376,-61.589832,115,,,,,,
,,,,,28519,-92.68909,143,,,,,,
,,,,,28613,-54.24326,94,,,,,,
,,,,,28735,-202.55038,122,,,,,,
,,,,,28851,-98.32116,116,,,,,,
,,,,,28942,-73.762,91,,,,,,
,,,,,29000,,,2.604555606842041,-4.223101615905762,-3.826629161834717,31.357019424438477,0.8260000000000001,0.0001
,,,,,29091,-163.70071,149,,,,,,
,,,,,29195,-92.88295,104,,,,,,
,,,,,29315,-251.70918,120,,,,,,
,,,,,29424,-135.5634,109,,,,,,
,,,,,29550,-91.485855,126,,,,,,
,,,,,29677,-188.8952,127,,,,,,
,,,,,29778,-316.51605,101,,,,,,
,,,,,29902,-155.06665,124,,,,,,
-256.95068,113.20813,-58.81846,-452.79703,115.8,30000,,,60.294525146484375,-7.014976501464844,-7.730775833129883,52.202518463134766,0.82,0.0001
,,,,,30030,-210.27597,128,,,,,,
,,,,,30140,-125.71051,110,,,,,,
,,,,,30290,-7.192375,150,,,,,,
,,,,,30382,-98.73662,92,,,,,,
,,,,,30483,-130.88847,101,,,,,,
,,,,,30574,-97.4622,91,,,,,,
,,,,,30703,-92.866806,129,,,,,,
,,,,,30804,-133.50607,101,,,,,,
,,,,,30874,-59.979797,70,,,,,,
,,,,,30965,-144.15662,91,,,,,,
,,,,,31000,,,27.947315216064453,-2.418431282043457,-3.053244113922119,30.434322357177734,0.8140000000000001,0.0001
,,,,,31070,-91.0771,105,,,,,,
,,,,,31157,-170.63483,87,,,,,,
,,,,,31276,-70.18916,119,,,,,,
,,,,,31385,-75.92976,109,,,,,,
,,,,,31508,-200.08388,123,,,,,,
,,,,,31587,-102.11689,79,,,,,,
,,,,,31686,-242.4347,99,,,,,,
,,,,,31753,-99.7461,67,,,,,,
,,,,,31820,-76.49159,67,,,,,,
,,,,,31909,-68.19464,89,,,,,,
,,,,,32000,,,9.588315963745117,-3.093740701675415,-2.3354480266571045,81.71049499511719,0.808,0.0001
,,,,,32014,-212.13837,105,,,,,,
,,,,,32087,-88.02697,73,,,,,,
,,,,,32215,-17.308823,128,,,,,,
,,,,,32353,-101.766754,138,,,,,,
,,,,,32429,-174.22525,76,,,,,,
,,,,,32493,-110.02712,64,,,,,,
,,,,,32592,-75.15799,99,,,,,,
,,,,,32681,-122.084885,89,,,,,,
,,,,,32795,-131.7414,114,,,,,,
,,,,,32933,-352.6248,138,,,,,,
,,,,,33000,,,30.76569938659668,-9.691555976867676,-9.9711275100708,55.030616760253906,0.802,0.0001
,,,,,33027,-99.39805,94,,,,,,
,,,,,33153,-34.248123,126,,,,,,
,,,,,33260,-116.633026,107,,,,,,
,,,,,33389,-399.01697,129,,,,,,
,,,,,33496,-107.34357,107,,,,,,
,,,,,33617,-59.605473,121,,,,,,
,,,,,33706,-47.83345,89,,,,,,
,,,,,33834,-75.652855,128,,,,,,
,,,,,33995,-60.375496,161,,,,,,
,,,,,34000,,,16.359642028808594,-5.71858024597168,-5.83392858505249,45.33457946777344,0.796,0.0001
,,,,,34107,-120.70336,112,,,,,,
,,,,,34197,-120.025604,90,,,,,,
,,,,,34324,-105.579765,127,,,,,,
,,,,,34439,-137.31895,115,,,,,,
,,,,,34554,-218.7066,115,,,,,,
,,,,,34657,-177.43971,103,,,,,,
,,,,,34783,-168.88498,126,,,,,,
,,,,,34844,-148.21771,61,,,,,,
,,,,,34930,-63.491203,86,,,,,,
,,,,,35000,,,9.552465438842773,-2.3222262859344482,-2.4387166500091553,39.82835388183594,0.79,0.0001
,,,,,35027,-107.82736,97,,,,,,
,,,,,35161,-107.99285,134,,,,,,
,,,,,35294,-23.325325,133,,,,,,
,,,,,35399,-234.93817,105,,,,,,
,,,,,35496,-91.6055,97,,,,,,
,,,,,35596,-122.26824,100,,,,,,
,,,,,35698,-290.60797,102,,,,,,
,,,,,35766,-86.383705,68,,,,,,
,,,,,35864,-123.97925,98,,,,,,
,,,,,35989,-178.32024,125,,,,,,
,,,,,36000,,,7.555294036865234,-8.08846664428711,-8.563453674316406,26.87841796875,0.784,0.0001
,,,,,36067,-103.6689,78,,,,,,
,,,,,36178,-151.49796,111,,,,,,
,,,,,36250,-85.45572,72,,,,,,
,,,,,36314,-94.065254,64,,,,,,
,,,,,36389,-67.38562,75,,,,,,
,,,,,36469,-63.315624,80,,,,,,
,,,,,36572,-88.354164,103,,,,,,
,,,,,36713,-26.830406,141,,,,,,
,,,,,36795,-55.809196,82,,,,,,
,,,,,36898,-145.25522,103,,,,,,
,,,,,37000,,,273.4210205078125,-13.635414123535156,-11.480310440063477,169.5705108642578,0.778,0.0001
,,,,,37012,-96.79616,114,,,,,,
,,,,,37105,-127.236046,93,,,,,,
,,,,,37165,-77.943085,60,,,,,,
,,,,,37309,-76.95759,144,,,,,,
,,,,,37419,-139.1556,110,,,,,,
,,,,,37523,-40.497215,104,,,,,,
,,,,,37597,-91.602135,74,,,,,,
,,,,,37699,-255.92113,102,,,,,,
,,,,,37793,-48.801193,94,,,,,,
,,,,,37866,-51.363483,73,,,,,,
,,,,,37969,-114.11889,103,,,,,,
,,,,,38000,,,5.222658157348633,-12.06226921081543,-12.08895492553711,29.933313369750977,0.772,0.0001
,,,,,38077,-259.21533,108,,,,,,
,,,,,38154,-68.23415,77,,,,,,
,,,,,38269,-91.54764,115,,,,,,
,,,,,38405,12.523682,136,,,,,,
,,,,,38498,-201.0542,93,,,,,,
,,,,,38580,-78.53883,82,,,,,,
,,,,,38669,-84.08231,89,,,,,,
,,,,,38809,-167.08234,140,,,,,,
,,,,,38924,-108.738014,115,,,,,,
,,,,,39000,,,29.43254280090332,-6.628971099853516,-7.504202365875244,116.37503051757812,0.766,0.0001
,,,,,39055,-235.19423,131,,,,,,
,,,,,39152,-69.48628,97,,,,,,
,,,,,39257,-106.08874,105,,,,,,
,,,,,39360,-202.22621,103,,,,,,
,,,,,39487,-45.340385,127,,,,,,
,,,,,39552,-139.50517,65,,,,,,
,,,,,39670,25.01139,118,,,,,,
,,,,,39755,-88.41151,85,,,,,,
,,,,,39883,-55.05938,128,,,,,,
,,,,,39970,-258.0678,87,,,,,,
-50.41494,69.71431,36.654785,-223.5369,168.0,40000,,,18.70368194580078,-8.596599578857422,-9.328731536865234,57.07038497924805,0.76,0.0001
,,,,,40066,-46.6569,96,,,,,,
,,,,,40148,-56.45424,82,,,,,,
,,,,,40267,-92.97998,119,,,,,,
,,,,,40365,-169.40158,98,,,,,,
,,,,,40442,-91.55702,77,,,,,,
,,,,,40513,-79.79899,71,,,,,,
,,,,,40600,-120.43823,87,,,,,,
,,,,,40702,-66.11919,102,,,,,,
,,,,,40788,-200.41661,86,,,,,,
,,,,,40906,-19.828354,118,,,,,,
,,,,,41000,,,14.663976669311523,-5.05741024017334,-5.757266998291016,35.95686340332031,0.754,0.0001
,,,,,41033,-39.385258,127,,,,,,
,,,,,41143,-95.861404,110,,,,,,
,,,,,41205,-44.154694,62,,,,,,
,,,,,41301,-124.0001,96,,,,,,
,,,,,41378,-152.24846,77,,,,,,
,,,,,41460,-85.34335,82,,,,,,
,,,,,41543,-88.299835,83,,,,,,
,,,,,41612,-55.243027,69,,,,,,
,,,,,41711,-119.95875,99,,,,,,
,,,,,41866,-59.828606,155,,,,,,
,,,,,41962,-114.0878,96,,,,,,
,,,,,42000,,,11.909299850463867,-8.339653015136719,-8.654873847961426,24.65365982055664,0.748,0.0001
,,,,,42080,-43.536156,118,,,,,,
,,,,,42175,-51.235287,95,,,,,,
,,,,,42284,-107.18712,109,,,,,,
,,,,,42372,41.206924,88,,,,,,
,,,,,42497,-45.222572,125,,,,,,
,,,,,42624,9.532913,127,,,,,,
,,,,,42728,-83.204155,104,,,,,,
,,,,,42836,-116.755936,108,,,,,,
,,,,,42948,-122.839195,112,,,,,,
,,,,,43000,,,19.72165870666504,-17.215381622314453,-18.020179748535156,50.140594482421875,0.742,0.0001
,,,,,43079,-112.479095,131,,,,,,
,,,,,43145,-89.19315,66,,,,,,
,,,,,43271,-72.75279,126,,,,,,
,,,,,43412,-91.22819,141,,,,,,
,,,,,43537,-96.359795,125,,,,,,
,,,,,43626,-117.81787,89,,,,,,
,,,,,43705,-77.70449,79,,,,,,
,,,,,43782,-142.0674,77,,,,,,
,,,,,43859,-78.241394,77,,,,,,
,,,,,43953,-113.70676,94,,,,,,
,,,,,44000,,,108.21371459960938,-5.302553176879883,-4.2347731590271,56.516273498535156,0.736,0.0001
,,,,,44042,-54.335037,89,,,,,,
,,,,,44134,-79.68903,92,,,,,,
,,,,,44189,-94.08784,55,,,,,,
,,,,,44256,-51.870625,67,,,,,,
,,,,,44403,-95.433304,147,,,,,,
,,,,,44478,-38.951115,75,,,,,,
,,,,,44542,-104.25927,64,,,,,,
,,,,,44623,-99.25851,81,,,,,,
,,,,,44703,-69.18909,80,,,,,,
,,,,,44788,-61.888668,85,,,,,,
,,,,,44916,-68.284195,128,,,,,,
,,,,,45000,-113.52256,84,,,,,,
,,,,,45000,,,1.3826854228973389,-4.776673316955566,-4.444386005401611,43.431976318359375,0.73,0.0001
,,,,,45115,-27.102043,115,,,,,,
,,,,,45191,-115.02719,76,,,,,,
,,,,,45326,-100.78004,135,,,,,,
,,,,,45414,-44.620964,88,,,,,,
,,,,,45541,-29.820297,127,,,,,,
,,,,,45636,-83.29455,95,,,,,,
,,,,,45772,-98.90382,136,,,,,,
,,,,,45871,-129.34198,99,,,,,,
,,,,,45945,-60.298122,74,,,,,,
,,,,,46000,,,1.365579605102539,4.745876312255859,4.833320617675781,19.222057342529297,0.724,0.0001
,,,,,46055,-101.43295,110,,,,,,
,,,,,46217,-54.48832,162,,,,,,
,,,,,46280,-76.30962,63,,,,,,
,,,,,46416,-54.298447,136,,,,,,
,,,,,46946,-141.3193,530,,,,,,
,,,,,47000,,,3.7185325622558594,-5.995527744293213,-6.239877223968506,14.15519905090332,0.718,0.0001
,,,,,47003,-41.157326,57,,,,,,
,,,,,47091,-145.08203,88,,,,,,
,,,,,47201,-61.200294,110,,,,,,
,,,,,47328,-110.24082,127,,,,,,
,,,,,47433,-35.902687,105,,,,,,
,,,,,47556,-54.030476,123,,,,,,
,,,,,47617,-126.7375,61,,,,,,
,,,,,47726,-49.270134,109,,,,,,
,,,,,47808,-89.11367,82,,,,,,
,,,,,47945,-48.519264,137,,,,,,
,,,,,48000,,,3.4375839233398438,-4.559886932373047,-4.781883239746094,13.155655860900879,0.712,0.0001
,,,,,48106,-74.987656,161,,,,,,
,,,,,48210,-86.15152,104,,,,,,
,,,,,48302,-65.89191,92,,,,,,
,,,,,48403,-67.046165,101,,,,,,
,,,,,48506,-130.82632,103,,,,,,
,,,,,48614,-78.07253,108,,,,,,
,,,,,48712,-72.2092,98,,,,,,
,,,,,48827,-109.11839,115,,,,,,
,,,,,48957,-89.264496,130,,,,,,
,,,,,49000,,,11.83315372467041,-10.14631462097168,-10.717552185058594,45.840965270996094,0.706,0.0001
,,,,,49072,-173.2775,115,,,,,,
,,,,,49148,-9.420593,76,,,,,,
,,,,,49233,42.39441,85,,,,,,
,,,,,49315,-99.190155,82,,,,,,
,,,,,49498,-17.863197,183,,,,,,
,,,,,49570,-76.60161,72,,,,,,
,,,,,49647,-28.283386,77,,,,,,
,,,,,49754,-71.14105,107,,,,,,
,,,,,49857,-52.933598,103,,,,,,
,,,,,49951,-160.4921,94,,,,,,
-109.92351,47.23866,-31.58998,-182.55566,812.8,50000,,,6.628143310546875,-9.40545654296875,-8.994750022888184,35.868831634521484,0.7,0.0001
,,,,,50032,-60.40112,81,,,,,,
,,,,,51000,,,16.621376037597656,-10.57080078125,-9.761307716369629,26.065439224243164,0.694,0.0001
,,,,,51027,-157.12332,995,,,,,,
,,,,,51101,-42.708347,74,,,,,,
,,,,,51231,34.41513,130,,,,,,
,,,,,51333,-15.955711,102,,,,,,
,,,,,51407,-79.72739,74,,,,,,
,,,,,51516,-81.44855,109,,,,,,
,,,,,51658,-15.183945,142,,,,,,
,,,,,51797,-15.5649185,139,,,,,,
,,,,,51884,-37.2113,87,,,,,,
,,,,,52000,,,6.037651538848877,-15.519267082214355,-15.11305046081543,62.058292388916016,0.688,0.0001
,,,,,52061,-42.85954,177,,,,,,
,,,,,52181,-87.422485,120,,,,,,
,,,,,52270,-65.032104,89,,,,,,
,,,,,52368,-93.15668,98,,,,,,
,,,,,52448,-76.05381,80,,,,,,
,,,,,52576,-51.296898,128,,,,,,
,,,,,52664,-92.76372,88,,,,,,
,,,,,52754,-102.55614,90,,,,,,
,,,,,52902,-15.847054,148,,,,,,
,,,,,53000,,,6.277309417724609,-4.819850444793701,-4.381596565246582,30.782310485839844,0.6819999999999999,0.0001
,,,,,53014,-95.47525,112,,,,,,
,,,,,53124,-34.13085,110,,,,,,
,,,,,53220,-43.5836,96,,,,,,
,,,,,53370,-60.878105,150,,,,,,
,,,,,53458,-78.17315,88,,,,,,
,,,,,53542,-66.35089,84,,,,,,
,,,,,53656,-34.417763,114,,,,,,
,,,,,53817,-27.935966,161,,,,,,
,,,,,53934,-78.13596,117,,,,,,
,,,,,54000,,,4.499608039855957,-0.5157787799835205,0.10564565658569336,54.72166061401367,0.6759999999999999,0.0001
,,,,,54050,-113.45234,116,,,,,,
,,,,,54132,-107.31828,82,,,,,,
,,,,,54228,-96.26603,96,,,,,,
,,,,,54347,-56.4923,119,,,,,,
,,,,,54508,-100.527176,161,,,,,,
,,,,,54667,0.42277527,159,,,,,,
,,,,,54747,-64.62654,80,,,,,,
,,,,,54853,17.94329,106,,,,,,
,,,,,54982,-19.518784,129,,,,,,
,,,,,55000,,,5.568875312805176,-3.364697217941284,-3.601156234741211,56.735923767089844,0.67,0.0001
,,,,,55091,-187.974,109,,,,,,
,,,,,55201,-14.031303,110,,,,,,
,,,,,55880,-41.58394,679,,,,,,
,,,,,55986,-52.44197,106,,,,,,
,,,,,56000,,,4.746705055236816,1.1950581073760986,1.2633819580078125,33.60835647583008,0.6639999999999999,0.0001
,,,,,56106,-73.506134,120,,,,,,
,,,,,56219,-94.57755,113,,,,,,
,,,,,56337,-93.26147,118,,,,,,
,,,,,56471,-21.02221,134,,,,,,
,,,,,56562,-79.31447,91,,,,,,
,,,,,56635,-95.33332,73,,,,,,
,,,,,56806,-45.69365,171,,,,,,
,,,,,56947,-111.34119,141,,,,,,
,,,,,57000,,,12.443241119384766,-2.7970094680786133,-2.6521682739257812,34.48970031738281,0.6579999999999999,0.0001
,,,,,57041,-98.82251,94,,,,,,
,,,,,57158,-142.49593,117,,,,,,
,,,,,57241,-30.83332,83,,,,,,
,,,,,57328,-95.40777,87,,,,,,
,,,,,57449,-19.513672,121,,,,,,
,,,,,57593,-45.852295,144,,,,,,
,,,,,57717,-56.885315,124,,,,,,
,,,,,57785,-39.45365,68,,,,,,
,,,,,57860,-47.96634,75,,,,,,
,,,,,57942,-71.661896,82,,,,,,
,,,,,58000,,,2.4466893672943115,-6.802907943725586,-7.236863136291504,37.36979293823242,0.652,0.0001
,,,,,58053,-55.704254,111,,,,,,
,,,,,58160,-53.745094,107,,,,,,
,,,,,58265,-88.722176,105,,,,,,
,,,,,58346,-53.96325,81,,,,,,
,,,,,58446,-34.080994,100,,,,,,
,,,,,58598,8.785034,152,,,,,,
,,,,,58723,-0.95069885,125,,,,,,
,,,,,58818,-6.3952026,95,,,,,,
,,,,,58921,-1.2033081,103,,,,,,
,,,,,58989,-95.84159,68,,,,,,
,,,,,59000,,,3.023650646209717,-3.8203601837158203,-4.103727340698242,32.943145751953125,0.646,0.0001
,,,,,59125,-71.31937,136,,,,,,
,,,,,59340,-26.868591,215,,,,,,
,,,,,59433,-15.386269,93,,,,,,
,,,,,59512,-58.209827,79,,,,,,
,,,,,59612,-36.26765,100,,,,,,
,,,,,59716,-8.946098,104,,,,,,
-78.72749,25.743444,-33.7977,-115.88082,1000.0,60000,,,8.403646469116211,-4.405066013336182,-4.106744766235352,39.00510025024414,0.6399999999999999,0.0001
,,,,,60716,-4.5052557,1000,,,,,,
,,,,,60807,-1.5343552,91,,,,,,
,,,,,60926,-73.75257,119,,,,,,
,,,,,61000,,,6.093764305114746,-0.44344091415405273,-0.5411367416381836,38.012939453125,0.634,0.0001
,,,,,61076,-32.760475,150,,,,,,
,,,,,61167,-52.86187,91,,,,,,
,,,,,61309,-48.817123,142,,,,,,
,,,,,61425,-59.763702,116,,,,,,
,,,,,61567,-37.433506,142,,,,,,
,,,,,61668,-69.35189,101,,,,,,
,,,,,61818,-78.95009,150,,,,,,
,,,,,61979,-60.363956,161,,,,,,
,,,,,62000,,,12.772224426269531,3.415234088897705,3.9339182376861572,59.306968688964844,0.628,0.0001
,,,,,62210,-55.439064,231,,,,,,
,,,,,62390,-85.64643,180,,,,,,
,,,,,62534,-2.4570618,144,,,,,,
,,,,,62648,-92.01049,114,,,,,,
,,,,,62837,-64.21858,189,,,,,,
,,,,,62950,-84.75369,113,,,,,,
,,,,,63000,,,4.384178638458252,2.934995651245117,2.7089428901672363,24.32515525817871,0.622,0.0001
,,,,,63054,-57.75122,104,,,,,,
,,,,,63170,-62.70677,116,,,,,,
,,,,,63274,-39.052628,104,,,,,,
,,,,,63396,-195.84521,122,,,,,,
,,,,,63490,-81.08247,94,,,,,,
,,,,,63599,-146.83101,109,,,,,,
,,,,,63720,-95.3485,121,,,,,,
,,,,,63897,25.905098,177,,,,,,
,,,,,63996,-4.211464,99,,,,,,
,,,,,64000,,,3.210050344467163,7.022279739379883,7.156496524810791,45.234657287597656,0.616,0.0001
,,,,,64134,-13.2760315,138,,,,,,
,,,,,64310,-83.904785,176,,,,,,
,,,,,64389,-27.377449,79,,,,,,
,,,,,64492,-57.9793,103,,,,,,
,,,,,64589,-85.06932,97,,,,,,
,,,,,64664,-28.698349,75,,,,,,
,,,,,64736,-45.297325,72,,,,,,
,,,,,64916,-76.35868,180,,,,,,
,,,,,65000,,,2.4436068534851074,-8.11243724822998,-8.253851890563965,29.556814193725586,0.61,0.0001
,,,,,65049,-40.35222,133,,,,,,
,,,,,65166,-198.11163,117,,,,,,
,,,,,65244,-50.667984,78,,,,,,
,,,,,65378,-69.98466,134,,,,,,
,,,,,65493,-69.478424,115,,,,,,
,,,,,65588,-11.084572,95,,,,,,
,,,,,65712,-1.861908,124,,,,,,
,,,,,65828,-11.605202,116,,,,,,
,,,,,65929,-79.11154,101,,,,,,
,,,,,66000,,,0.9188608527183533,13.438745498657227,13.297685623168945,22.928363800048828,0.604,0.0001
,,,,,66022,-34.15747,93,,,,,,
,,,,,66115,-86.333244,93,,,,,,
,,,,,66272,-95.21055,157,,,,,,
,,,,,66457,16.192284,185,,,,,,
,,,,,66748,-39.905445,291,,,,,,
,,,,,66902,1.234169,154,,,,,,
,,,,,67000,,,1.633641004562378,8.889555931091309,8.635860443115234,39.19618225097656,0.598,0.0001
,,,,,67014,-110.802,112,,,,,,
,,,,,67186,-89.2278,172,,,,,,
,,,,,67333,-29.448174,147,,,,,,
,,,,,67424,-80.46283,91,,,,,,
,,,,,67719,-78.61198,295,,,,,,
,,,,,67844,-57.616608,125,,,,,,
,,,,,67995,6.912613,151,,,,,,
,,,,,68000,,,2.373487949371338,2.3364529609680176,2.2433557510375977,38.164337158203125,0.5920000000000001,0.0001
,,,,,68153,-9.695419,158,,,,,,
,,,,,68276,-84.29816,123,,,,,,
,,,,,68424,-59.561806,148,,,,,,
,,,,,68585,-91.3911,161,,,,,,
,,,,,68740,16.069885,155,,,,,,
,,,,,68877,-95.88454,137,,,,,,
,,,,,68994,-7.024269,117,,,,,,
,,,,,69000,,,1.9709722995758057,6.743127822875977,6.487071990966797,37.19907760620117,0.586,0.0001
,,,,,69179,-4.8251495,185,,,,,,
,,,,,69303,-100.95368,124,,,,,,
,,,,,69431,-27.39418,128,,,,,,
,,,,,69526,-23.259644,95,,,,,,
,,,,,69651,-37.548122,125,,,,,,
,,,,,69869,23.45198,218,,,,,,
,,,,,69987,-22.805588,118,,,,,,
-89.76832,13.167689,-71.48601,-119.1317,1000.0,70000,,,3.7380173206329346,6.273035049438477,6.735167503356934,45.681175231933594,0.58,0.0001
,,,,,70382,-53.19332,395,,,,,,
,,,,,70536,-73.610825,154,,,,,,
,,,,,70673,-83.647934,137,,,,,,
,,,,,70826,-50.16724,153,,,,,,
,,,,,70959,-115.586266,133,,,,,,
,,,,,71000,,,11.77776050567627,0.26140260696411133,0.488417387008667,37.00696563720703,0.5740000000000001,0.0001
,,,,,71151,-102.65188,192,,,,,,
,,,,,71307,-92.532646,156,,,,,,
,,,,,71438,-28.100105,131,,,,,,
,,,,,71576,-99.763954,138,,,,,,
,,,,,71709,-73.04479,133,,,,,,
,,,,,71824,11.683426,115,,,,,,
,,,,,71961,-82.504425,137,,,,,,
,,,,,72000,,,2.198392391204834,-4.822430610656738,-4.8534088134765625,19.04203987121582,0.5680000000000001,0.0001
,,,,,72147,-22.036598,186,,,,,,
,,,,,72280,-90.6518,133,,,,,,
,,,,,72372,-104.76099,92,,,,,,
,,,,,72543,-4.1223145,171,,,,,,
,,,,,72949,-51.251213,406,,,,,,
,,,,,73000,,,56.30924987792969,-8.70278549194336,-8.558113098144531,92.88185119628906,0.5619999999999999,0.0001
,,,,,73089,-26.291092,140,,,,,,
,,,,,73641,-188.06694,552,,,,,,
,,,,,73778,-29.885803,137,,,,,,
,,,,,73899,-141.90286,121,,,,,,
,,,,,74000,,,2.494657278060913,4.226008892059326,3.884195327758789,40.65559005737305,0.556,0.0001
,,,,,74014,-93.01995,115,,,,,,
,,,,,74145,-107.662025,131,,,,,,
,,,,,74302,-65.42128,157,,,,,,
,,,,,74437,21.132668,135,,,,,,
,,,,,74578,-35.014206,141,,,,,,
,,,,,75000,,,12.848281860351562,2.8191089630126953,3.2238035202026367,107.44518280029297,0.55,0.0001
,,,,,75152,-193.97737,574,,,,,,
,,,,,75302,-72.64025,150,,,,,,
,,,,,75467,-21.940895,165,,,,,,
,,,,,75542,-71.67062,75,,,,,,
,,,,,75888,-256.26926,346,,,,,,
,,,,,76000,,,2.2994461059570312,13.336958885192871,13.539913177490234,27.799068450927734,0.5439999999999999,0.0001
,,,,,76008,-116.73176,120,,,,,,
,,,,,76107,-49.843056,99,,,,,,
,,,,,76288,-63.994392,181,,,,,,
,,,,,76418,-77.21182,130,,,,,,
,,,,,76981,-76.80497,563,,,,,,
,,,,,77000,,,8.559139251708984,13.119726181030273,13.021851539611816,50.43830108642578,0.538,0.0001
,,,,,77187,-99.90343,206,,,,,,
,,,,,77409,-52.12004,222,,,,,,
,,,,,77531,-61.238766,122,,,,,,
,,,,,77698,-22.84555,167,,,,,,
,,,,,77876,-11.345863,178,,,,,,
,,,,,77986,-116.405075,110,,,,,,
,,,,,78000,,,5.560554504394531,3.6590611934661865,3.4740729331970215,28.879467010498047,0.532,0.0001
,,,,,78122,-143.42686,136,,,,,,
,,,,,78223,-33.838715,101,,,,,,
,,,,,78672,-109.65305,449,,,,,,
,,,,,78788,-74.78264,116,,,,,,
,,,,,78917,-146.70935,129,,,,,,
,,,,,79000,,,13.843217849731445,10.04421615600586,9.887275695800781,87.89689636230469,0.526,0.0001
,,,,,79062,-66.45714,145,,,,,,
,,,,,79196,-50.38906,134,,,,,,
,,,,,79361,-98.61242,165,,,,,,
,,,,,79463,-73.73362,102,,,,,,
,,,,,79605,-84.61015,142,,,,,,
,,,,,79770,-63.39241,165,,,,,,
,,,,,79899,-87.71503,129,,,,,,
-131.11691,27.506748,-88.836,-167.98413,1000.0,80000,,,10.306794166564941,1.1031439304351807,1.071784257888794,41.75010681152344,0.52,0.0001
,,,,,80635,-217.3887,736,,,,,,
,,,,,80923,-11.947884,288,,,,,,
,,,,,81000,,,5.050937652587891,-4.5524373054504395,-4.812885284423828,41.34265899658203,0.514,0.0001
,,,,,81053,-36.987835,130,,,,,,
,,,,,81220,-60.474503,167,,,,,,
,,,,,81446,-57.328205,226,,,,,,
,,,,,81592,-12.8029175,146,,,,,,
,,,,,81722,-55.126476,130,,,,,,
,,,,,81802,-34.82242,80,,,,,,
,,,,,81945,-94.05307,143,,,,,,
,,,,,82000,,,27.06287384033203,-0.8166245222091675,-1.3150503635406494,96.17660522460938,0.508,0.0001
,,,,,82123,-94.93772,178,,,,,,
,,,,,82213,-61.880352,90,,,,,,
,,,,,82326,-77.40116,113,,,,,,
,,,,,82521,-131.10023,195,,,,,,
,,,,,82658,-84.41469,137,,,,,,
,,,,,82795,-36.95385,137,,,,,,
,,,,,82975,-78.13038,180,,,,,,
,,,,,83000,,,11.613357543945312,-5.788530349731445,-5.90479040145874,94.97036743164062,0.502,0.0001
,,,,,83281,-215.31787,306,,,,,,
,,,,,83443,21.713547,162,,,,,,
,,,,,83575,-34.0364,132,,,,,,
,,,,,83683,-7.915039,108,,,,,,
,,,,,83795,-70.04734,112,,,,,,
,,,,,84000,,,1.6052154302597046,-0.6821286678314209,-0.9516594409942627,42.51118469238281,0.4959999999999999,0.0001
,,,,,84083,-35.942856,288,,,,,,
,,,,,84333,-23.947006,250,,,,,,
,,,,,84438,-67.255,105,,,,,,
,,,,,84583,-102.7308,145,,,,,,
,,,,,84792,-24.981262,209,,,,,,
,,,,,85000,,,0.980521023273468,8.706196784973145,8.881210327148438,31.218090057373047,0.49,0.0001
,,,,,85743,-358.25256,951,,,,,,
,,,,,85877,52.873825,134,,,,,,
,,,,,86000,,,3.1021811962127686,12.291141510009766,12.337959289550781,31.21481704711914,0.484,0.0001
,,,,,86020,-43.766365,143,,,,,,
,,,,,86177,-66.11499,157,,,,,,
,,,,,86346,-82.930725,169,,,,,,
,,,,,86725,-118.96414,379,,,,,,
,,,,,86838,-56.117733,113,,,,,,
,,,,,86962,-18.808228,124,,,,,,
,,,,,87000,,,4.082486152648926,6.7419657707214355,6.931257724761963,48.89372253417969,0.478,0.0001
,,,,,87136,-166.90173,174,,,,,,
,,,,,87808,-96.493866,672,,,,,,
,,,,,88000,,,2.360424041748047,3.6892385482788086,3.414119243621826,32.31940841674805,0.472,0.0001
,,,,,88808,-61.910988,1000,,,,,,
,,,,,88910,-92.34888,102,,,,,,
,,,,,89000,,,1.526045560836792,3.817046880722046,4.0345683097839355,42.91463088989258,0.46599999999999997,0.0001
,,,,,89910,-73.06837,1000,,,,,,
-97.368286,23.941597,-57.699707,-139.90811,1000.0,90000,,,18.50322723388672,9.500879287719727,9.277811050415039,56.24500274658203,0.45999999999999996,0.0001
,,,,,90039,-14.962959,129,,,,,,
,,,,,91000,,,13.569147109985352,-3.984811305999756,-4.105291366577148,63.18339157104492,0.45399999999999996,0.0001
,,,,,91039,-47.316357,1000,,,,,,
,,,,,92000,,,38.15645980834961,7.7920637130737305,6.9780731201171875,129.49227905273438,0.44800000000000006,0.0001
,,,,,92039,18.211273,1000,,,,,,
,,,,,92133,-49.15927,94,,,,,,
,,,,,92249,-63.35785,116,,,,,,
,,,,,92659,-169.91187,410,,,,,,
,,,,,93000,,,6.236417293548584,15.193534851074219,14.667033195495605,46.86558151245117,0.44199999999999995,0.0001
,,,,,93192,-177.47441,533,,,,,,
,,,,,93321,-94.82568,129,,,,,,
,,,,,93483,-46.424294,162,,,,,,
,,,,,93634,-109.13197,151,,,,,,
,,,,,94000,,,3.8074498176574707,10.293733596801758,10.465456008911133,25.175878524780273,0.43599999999999994,0.0001
,,,,,94001,-272.18256,367,,,,,,
,,,,,94559,-264.26007,558,,,,,,
,,,,,94687,-86.24964,128,,,,,,
,,,,,95000,,,17.94209098815918,6.894707202911377,7.017091751098633,95.37117004394531,0.43000000000000005,0.0001
,,,,,95687,-26.218391,1000,,,,,,
,,,,,96000,,,2.727750062942505,13.634437561035156,13.810391426086426,33.02471923828125,0.42399999999999993,0.0001
,,,,,96412,-193.10117,725,,,,,,
,,,,,96590,-142.01344,178,,,,,,
,,,,,97000,,,5.9592790603637695,2.654372215270996,3.244062900543213,53.369537353515625,0.41800000000000004,0.0001
,,,,,97590,-52.28968,1000,,,,,,
,,,,,98000,,,2.7098591327667236,17.871686935424805,18.267948150634766,62.44834518432617,0.41200000000000003,0.0001
,,,,,98590,-29.941172,1000,,,,,,
,,,,,98719,-103.19901,129,,,,,,
,,,,,99000,,,4.896562099456787,9.486798286437988,9.91028881072998,41.022369384765625,0.4059999999999999,0.0001
,,,,,99463,-260.57907,744,,,,,,
-48.478477,17.324732,-21.122444,-78.90089,1000.0,100000,,,5.513745307922363,6.468954086303711,7.087832450866699,90.6717529296875,0.4,0.0001
,,,,,100463,-26.9184,1000,,,,,,
,,,,,100939,-22.851387,476,,,,,,
,,,,,101000,,,1.7972760200500488,20.865619659423828,20.74393081665039,57.088932037353516,0.394,0.0001
,,,,,101939,-84.90882,1000,,,,,,
,,,,,102000,,,7.85764217376709,2.0296332836151123,2.0088107585906982,46.907833099365234,0.3879999999999999,0.0001
,,,,,102195,-189.4938,256,,,,,,
,,,,,102303,4.213379,108,,,,,,
,,,,,102674,-60.085705,371,,,,,,
,,,,,102788,-57.215534,114,,,,,,
,,,,,103000,,,20.139881134033203,-0.2743673324584961,-0.7761213779449463,109.38141632080078,0.382,0.0001
,,,,,103495,-173.24109,707,,,,,,
,,,,,104000,,,10.700108528137207,17.44613265991211,16.74315071105957,85.0569076538086,0.376,0.0001
,,,,,104495,-76.78868,1000,,,,,,
,,,,,105000,,,3.4365057945251465,14.78830337524414,14.722375869750977,22.577335357666016,0.37,0.0001
,,,,,105495,-56.839653,1000,,,,,,
,,,,,106000,,,5.449617385864258,-0.7411594390869141,-1.1326298713684082,53.52033996582031,0.364,0.0001
,,,,,106495,-120.29014,1000,,,,,,
,,,,,107000,,,48.28762435913086,8.022468566894531,8.580109596252441,81.19998168945312,0.358,0.0001
,,,,,107495,-50.796543,1000,,,,,,
,,,,,108000,,,9.172255516052246,2.2496390342712402,1.9637095928192139,73.76020812988281,0.352,0.0001
,,,,,108495,-12.89351,1000,,,,,,
,,,,,109000,,,13.084396362304688,12.206046104431152,12.271402359008789,44.53937911987305,0.346,0.0001
,,,,,109495,6.2450204,1000,,,,,,
-39.019356,15.345479,-8.726699,-66.53702,1000.0,110000,,,11.557645797729492,17.24941062927246,16.745853424072266,82.23062133789062,0.3400000000000001,0.0001
,,,,,110495,-102.49264,1000,,,,,,
,,,,,111000,,,13.353523254394531,1.7234585285186768,1.6986640691757202,69.39041900634766,0.33399999999999996,0.0001
,,,,,111495,-48.181396,1000,,,,,,
,,,,,112000,,,3.5640249252319336,5.66157341003418,5.6112380027771,40.340999603271484,0.32799999999999996,0.0001
,,,,,112495,-149.11705,1000,,,,,,
,,,,,113000,,,4.815118312835693,5.0928955078125,4.837538719177246,50.04438400268555,0.32200000000000006,0.0001
,,,,,113495,-1.3391196,1000,,,,,,
,,,,,114000,,,2.2381296157836914,12.574507713317871,12.350025177001953,38.54537582397461,0.31599999999999995,0.0001
,,,,,114495,-71.366745,1000,,,,,,
,,,,,115000,,,65.80896759033203,9.93769645690918,11.17676830291748,111.54119110107422,0.30999999999999994,0.0001
,,,,,115495,-101.61515,1000,,,,,,
,,,,,115725,-207.49725,230,,,,,,
,,,,,116000,,,77.28601837158203,-4.470656871795654,-3.8546535968780518,102.62852478027344,0.30400000000000005,0.0001
,,,,,116725,-41.2805,1000,,,,,,
,,,,,117000,,,5.196983814239502,1.9579873085021973,2.213259696960449,42.67563247680664,0.29799999999999993,0.0001
,,,,,117725,-42.923744,1000,,,,,,
,,,,,118000,,,12.26733112335205,7.750763893127441,7.415318965911865,47.97370910644531,0.29200000000000004,0.0001
,,,,,118069,-39.538525,344,,,,,,
,,,,,119000,,,74.92803192138672,-1.439450740814209,-2.586637020111084,147.5759735107422,0.28600000000000003,0.0001
,,,,,119069,-52.936623,1000,,,,,,
-37.397507,16.084507,-17.045506,-75.957146,1000.0,120000,,,1.639505386352539,22.0601863861084,21.560205459594727,89.582763671875,0.2799999999999999,0.0001
,,,,,120069,-43.642918,1000,,,,,,
,,,,,121000,,,16.21971893310547,8.504274368286133,9.2090482711792,120.28702545166016,0.274,0.0001
,,,,,121069,-41.200172,1000,,,,,,
,,,,,122000,,,24.80609893798828,9.097999572753906,9.436735153198242,65.8650894165039,0.268,0.0001
,,,,,122069,-77.47411,1000,,,,,,
,,,,,122238,-51.606003,169,,,,,,
,,,,,123000,,,151.58737182617188,16.69470977783203,15.304895401000977,291.07867431640625,0.262,0.0001
,,,,,123238,-59.45553,1000,,,,,,
,,,,,124000,,,6.629642486572266,2.604414939880371,3.21755051612854,82.06436157226562,0.256,0.0001
,,,,,124238,-10.2876625,1000,,,,,,
,,,,,125000,,,3.4265551567077637,10.49465560913086,11.051370620727539,75.69270324707031,0.25,0.0001
,,,,,125238,-67.894585,1000,,,,,,
,,,,,126000,,,4.368043422698975,11.373472213745117,11.489906311035156,52.173587799072266,0.244,0.0001
,,,,,126238,-121.50785,1000,,,,,,
,,,,,127000,,,5.393041610717773,13.686851501464844,13.750871658325195,44.50106430053711,0.238,0.0001
,,,,,127238,-143.54848,1000,,,,,,
,,,,,128000,,,3.3970048427581787,9.688072204589844,9.966583251953125,45.38453674316406,0.23199999999999998,0.0001
,,,,,128238,-48.40926,1000,,,,,,
,,,,,129000,,,5.151942253112793,13.688817977905273,13.195666313171387,68.28838348388672,0.22599999999999998,0.0001
,,,,,129238,-47.035378,1000,,,,,,
-31.063187,19.021564,-2.6072354,-57.409016,1000.0,130000,,,10.795966148376465,18.93368148803711,18.818832397460938,48.544254302978516,0.21999999999999997,0.0001
,,,,,130238,-35.416553,1000,,,,,,
,,,,,131000,,,2.7929553985595703,16.671215057373047,16.476856231689453,73.9698715209961,0.21399999999999997,0.0001
,,,,,131238,-71.00015,1000,,,,,,
,,,,,132000,,,5.0368757247924805,20.106658935546875,20.170379638671875,54.376487731933594,0.20799999999999996,0.0001
,,,,,132238,-139.37689,1000,,,,,,
,,,,,133000,,,13.845170974731445,15.605203628540039,15.362998008728027,71.66339111328125,0.20199999999999996,0.0001
,,,,,133238,6.4385667,1000,,,,,,
,,,,,134000,,,4.691050052642822,6.953189849853516,7.246308326721191,41.237152099609375,0.19599999999999995,0.0001
,,,,,134238,-64.33459,1000,,,,,,
,,,,,135000,,,29.092906951904297,-0.549835205078125,-0.6857635974884033,110.81752014160156,0.18999999999999995,0.0001
,,,,,135238,-30.82828,1000,,,,,,
,,,,,136000,,,22.80286407470703,7.245671272277832,6.30643892288208,160.3140411376953,0.18400000000000005,0.0001
,,,,,136238,-74.98912,1000,,,,,,
,,,,,137000,,,1.5137248039245605,19.46586799621582,19.323223114013672,22.29265785217285,0.17799999999999994,0.0001
,,,,,137238,-78.27285,1000,,,,,,
,,,,,138000,,,3.6049306392669678,10.120150566101074,10.612543106079102,70.10506439208984,0.17199999999999993,0.0001
,,,,,138238,-39.73261,1000,,,,,,
,,,,,139000,,,7.85611629486084,22.08066749572754,21.94999885559082,74.86180877685547,0.16600000000000004,0.0001
,,,,,139238,5.95769,1000,,,,,,
-58.261375,22.9099,-25.595034,-88.505585,1000.0,140000,,,3.330678939819336,5.444957733154297,4.822154521942139,75.12555694580078,0.15999999999999992,0.0001
,,,,,140238,-64.13096,1000,,,,,,
,,,,,141000,,,3.2483839988708496,20.505413055419922,20.174402236938477,53.46684646606445,0.15400000000000003,0.0001
,,,,,141238,-65.36166,1000,,,,,,
,,,,,142000,,,26.7200870513916,11.274039268493652,10.082630157470703,178.37603759765625,0.14800000000000002,0.0001
,,,,,142238,-89.80944,1000,,,,,,
,,,,,143000,,,1.877821445465088,11.030811309814453,11.258556365966797,27.781841278076172,0.1419999999999999,0.0001
,,,,,143238,-161.07106,1000,,,,,,
,,,,,144000,,,8.044650077819824,16.27557373046875,16.214685440063477,48.247920989990234,0.136,0.0001
,,,,,144238,-13.641988,1000,,,,,,
,,,,,145000,,,4.559329032897949,16.907917022705078,16.57227325439453,49.12906265258789,0.13,0.0001
,,,,,145238,-71.062325,1000,,,,,,
,,,,,146000,,,10.957841873168945,12.695693016052246,13.62679672241211,123.77178955078125,0.12399999999999989,0.0001
,,,,,146238,-48.93579,1000,,,,,,
,,,,,147000,,,1.0113754272460938,21.09905242919922,20.989742279052734,40.46860122680664,0.118,0.0001
,,,,,147238,-75.87393,1000,,,,,,
,,,,,148000,,,9.860552787780762,18.559139251708984,18.832599639892578,61.79896926879883,0.11199999999999999,0.0001
,,,,,148238,4.180718,1000,,,,,,
,,,,,149000,,,12.260435104370117,20.805543899536133,20.764602661132812,57.309791564941406,0.10599999999999998,0.0001
,,,,,149238,-85.908134,1000,,,,,,
-60.169823,35.95649,-16.550325,-136.96228,1000.0,150000,,,3.7874035835266113,23.311729431152344,22.735088348388672,66.1763687133789,0.1,0.0001
,,,,,150238,-83.94187,1000,,,,,,
,,,,,151000,,,27.005977630615234,12.202926635742188,10.840672492980957,163.6004638671875,0.09946666666666668,0.0001
,,,,,151238,-6.08473,1000,,,,,,
,,,,,152000,,,111.98763275146484,10.973678588867188,12.775324821472168,232.25535583496094,0.09893333333333335,0.0001
,,,,,152238,-50.34067,1000,,,,,,
,,,,,153000,,,2.1243090629577637,17.93700408935547,17.94171905517578,39.55134963989258,0.0984,0.0001
,,,,,153238,2.1020331,1000,,,,,,
,,,,,154000,,,9.464813232421875,10.569801330566406,10.133835792541504,65.48622131347656,0.09786666666666667,0.0001
,,,,,154238,-46.82822,1000,,,,,,
,,,,,155000,,,2.3910298347473145,18.3052978515625,18.108064651489258,46.373130798339844,0.09733333333333334,0.0001
,,,,,155238,-48.44232,1000,,,,,,
,,,,,156000,,,20.723957061767578,26.41759490966797,26.82367706298828,132.77171325683594,0.09680000000000001,0.0001
,,,,,156238,-91.10593,1000,,,,,,
,,,,,157000,,,2.019929885864258,17.972307205200195,18.2830867767334,34.97026443481445,0.09626666666666667,0.0001
,,,,,157238,4.368673,1000,,,,,,
,,,,,158000,,,14.515445709228516,14.450435638427734,14.611456871032715,75.53068542480469,0.09573333333333334,0.0001
,,,,,158238,-60.780754,1000,,,,,,
,,,,,159000,,,1.783111810684204,20.225393295288086,20.464431762695312,47.41763687133789,0.0952,0.0001
,,,,,159238,-13.498289,1000,,,,,,
-59.16905,25.19978,-15.053023,-92.69241,1000.0,160000,,,2.6916799545288086,13.746047973632812,13.894574165344238,35.176151275634766,0.09466666666666668,0.0001
,,,,,160238,-53.954597,1000,,,,,,
,,,,,161000,,,6.603118896484375,13.907394409179688,14.033881187438965,51.58966064453125,0.09413333333333333,0.0001
,,,,,161238,-4.9200926,1000,,,,,,
,,,,,162000,,,8.567205429077148,14.3200101852417,14.222612380981445,47.08869934082031,0.0936,0.0001
,,,,,162238,-27.379267,1000,,,,,,
,,,,,163000,,,1.1487325429916382,16.779232025146484,16.656002044677734,19.445720672607422,0.09306666666666667,0.0001
,,,,,163238,-34.140144,1000,,,,,,
,,,,,164000,,,1.4311095476150513,24.87042236328125,24.872705459594727,24.816068649291992,0.09253333333333334,0.0001
,,,,,164238,-72.549416,1000,,,,,,
,,,,,165000,,,2.3550620079040527,23.290000915527344,23.511308670043945,44.116878509521484,0.092,0.0001
,,,,,165238,-25.290926,1000,,,,,,
,,,,,166000,,,1.3286938667297363,18.260234832763672,18.336904525756836,23.423383712768555,0.09146666666666667,0.0001
,,,,,166238,-9.156493,1000,,,,,,
,,,,,167000,,,3.270242214202881,15.46337604522705,15.38926887512207,42.706748962402344,0.09093333333333334,0.0001
,,,,,167238,15.567182,1000,,,,,,
,,,,,168000,,,4.612432479858398,10.79849910736084,11.044784545898438,39.7324104309082,0.09040000000000001,0.0001
,,,,,168238,-19.311745,1000,,,,,,
,,,,,169000,,,2.0808451175689697,11.333195686340332,11.19943904876709,30.783527374267578,0.08986666666666668,0.0001
,,,,,169238,-18.440044,1000,,,,,,
-20.140814,24.954254,21.991585,-64.489235,1000.0,170000,,,2.022160768508911,16.761859893798828,16.829561233520508,27.534128189086914,0.08933333333333333,0.0001
,,,,,170238,-13.438084,1000,,,,,,
,,,,,171000,,,1.1571168899536133,15.478976249694824,15.56458854675293,17.09760093688965,0.0888,0.0001
,,,,,171238,-13.939784,1000,,,,,,
,,,,,172000,,,3.7514712810516357,19.389087677001953,19.396923065185547,32.89691925048828,0.08826666666666667,0.0001
,,,,,172238,-23.904848,1000,,,,,,
,,,,,173000,,,1.2808539867401123,28.367460250854492,28.61042022705078,34.718875885009766,0.08773333333333334,0.0001
,,,,,173238,-43.79628,1000,,,,,,
,,,,,174000,,,10.010607719421387,22.285560607910156,23.20390510559082,119.67035675048828,0.0872,0.0001
,,,,,174238,-56.4674,1000,,,,,,
,,,,,175000,,,12.105783462524414,9.982381820678711,9.712197303771973,80.6526870727539,0.08666666666666667,0.0001
,,,,,175238,-53.186176,1000,,,,,,
,,,,,176000,,,24.413909912109375,15.536130905151367,16.258359909057617,113.12773895263672,0.08613333333333334,0.0001
,,,,,176238,-64.33628,1000,,,,,,
,,,,,177000,,,43.405479431152344,21.424962997436523,20.46711540222168,267.7872009277344,0.08560000000000001,0.0001
,,,,,177238,13.598164,1000,,,,,,
,,,,,178000,,,1.1540473699569702,16.602012634277344,17.00402069091797,55.565216064453125,0.08506666666666667,0.0001
,,,,,178238,-49.31286,1000,,,,,,
,,,,,179000,,,1.9142735004425049,24.31350326538086,24.109228134155273,22.465444564819336,0.08453333333333334,0.0001
,,,,,179238,-49.55359,1000,,,,,,
-19.157743,21.893463,9.110876,-67.39559,1000.0,180000,,,34.58494567871094,13.997408866882324,14.538785934448242,77.25114440917969,0.084,0.0001
,,,,,180238,-24.323938,1000,,,,,,
,,,,,181000,,,1.4235260486602783,16.770530700683594,16.693880081176758,28.429677963256836,0.08346666666666668,0.0001
,,,,,181238,-63.600315,1000,,,,,,
,,,,,182000,,,3.741903305053711,12.542451858520508,12.926901817321777,45.70708465576172,0.08293333333333333,0.0001
,,,,,182238,-18.653112,1000,,,,,,
,,,,,183000,,,17.483675003051758,11.726507186889648,10.918635368347168,93.81432342529297,0.0824,0.0001
,,,,,183238,-62.916447,1000,,,,,,
,,,,,184000,,,6.0469818115234375,16.3123836517334,17.009164810180664,130.50914001464844,0.08186666666666667,0.0001
,,,,,184238,-35.05817,1000,,,,,,
,,,,,185000,,,15.365751266479492,15.261724472045898,15.101395606994629,110.14012908935547,0.08133333333333334,0.0001
,,,,,185238,-24.782467,1000,,,,,,
,,,,,186000,,,1.1360607147216797,14.15013313293457,14.049922943115234,16.954301834106445,0.08080000000000001,0.0001
,,,,,186238,-24.053839,1000,,,,,,
,,,,,187000,,,1.3082321882247925,9.860931396484375,10.10518741607666,42.99764633178711,0.08026666666666667,0.0001
,,,,,187238,-15.357009,1000,,,,,,
,,,,,188000,,,6.729972839355469,12.784261703491211,12.56649398803711,63.213905334472656,0.07973333333333334,0.0001
,,,,,188238,-32.20772,1000,,,,,,
,,,,,189000,,,4.426290512084961,20.84693145751953,20.691221237182617,42.381263732910156,0.0792,0.0001
,,,,,189238,-46.185787,1000,,,,,,
-37.99402,15.729584,-7.110615,-61.99966,1000.0,190000,,,12.982430458068848,18.420799255371094,18.781312942504883,63.89173889160156,0.07866666666666668,0.0001
,,,,,190238,-50.208477,1000,,,,,,
,,,,,191000,,,1.7295116186141968,14.463848114013672,14.108580589294434,59.02602767944336,0.07813333333333333,0.0001
,,,,,191238,-14.216796,1000,,,,,,
,,,,,192000,,,1.876410961151123,16.289634704589844,16.16712188720703,25.71744155883789,0.0776,0.0001
,,,,,192238,18.472534,1000,,,,,,
,,,,,193000,,,2.114107131958008,12.241226196289062,12.245023727416992,32.55452346801758,0.07706666666666667,0.0001
,,,,,193238,-54.210308,1000,,,,,,
,,,,,194000,,,2.158747673034668,4.825780868530273,4.729094982147217,28.618913650512695,0.07653333333333334,0.0001
,,,,,194238,-18.094246,1000,,,,,,
,,,,,195000,,,3.604889392852783,11.918906211853027,11.350107192993164,65.87184143066406,0.07600000000000001,0.0001
,,,,,195238,10.841272,1000,,,,,,
,,,,,196000,,,1.4255213737487793,15.878044128417969,16.201828002929688,52.19746398925781,0.07546666666666668,0.0001
,,,,,196238,-34.331036,1000,,,,,,
,,,,,197000,,,14.015523910522461,6.628255367279053,6.805709362030029,121.4603500366211,0.07493333333333334,0.0001
,,,,,197238,1.6404582,1000,,,,,,
,,,,,198000,,,1.4152731895446777,19.583084106445312,19.840518951416016,41.714637756347656,0.07440000000000001,0.0001
,,,,,198238,-79.47472,1000,,,,,,
,,,,,199000,,,1.202707052230835,23.740680694580078,24.012924194335938,49.45013427734375,0.07386666666666666,0.0001
,,,,,199238,-6.798811,1000,,,,,,
-33.07525,15.80254,-7.8068714,-63.089542,1000.0,200000,,,2.460294723510742,16.95142936706543,16.84392547607422,31.02534294128418,0.07333333333333333,0.0001
,,,,,200238,-15.228063,1000,,,,,,
,,,,,201000,,,1.1017940044403076,20.11269187927246,20.03632354736328,24.26186752319336,0.0728,0.0001
,,,,,201238,-18.884058,1000,,,,,,
,,,,,202000,,,17.44628143310547,20.760879516601562,21.49584197998047,86.61775970458984,0.07226666666666667,0.0001
,,,,,202238,-12.077925,1000,,,,,,
,,,,,203000,,,3.4632387161254883,19.423107147216797,19.22949981689453,42.058414459228516,0.07173333333333334,0.0001
,,,,,203238,-35.05002,1000,,,,,,
,,,,,204000,,,5.2363691329956055,18.243762969970703,18.588642120361328,76.72351837158203,0.07120000000000001,0.0001
,,,,,204238,18.164171,1000,,,,,,
,,,,,205000,,,2.6700379848480225,20.902130126953125,20.789382934570312,17.0902099609375,0.07066666666666667,0.0001
,,,,,205238,-21.16796,1000,,,,,,
,,,,,206000,,,2.9943482875823975,16.687255859375,16.928220748901367,30.730379104614258,0.07013333333333334,0.0001
,,,,,206238,5.335462,1000,,,,,,
,,,,,207000,,,1.635798692703247,24.705303192138672,25.2111759185791,78.00845336914062,0.06960000000000001,0.0001
,,,,,207238,-16.974392,1000,,,,,,
,,,,,208000,,,1.247813105583191,17.054819107055664,17.167980194091797,35.22304153442383,0.06906666666666667,0.0001
,,,,,208238,-34.36283,1000,,,,,,
,,,,,209000,,,47.44821548461914,14.441773414611816,15.50247573852539,158.01376342773438,0.06853333333333333,0.0001
,,,,,209238,-50.33942,1000,,,,,,
-17.707603,19.181057,10.924481,-60.187916,1000.0,210000,,,6.025730609893799,10.998952865600586,10.561389923095703,86.46566009521484,0.068,0.0001
,,,,,210238,-13.532954,1000,,,,,,
,,,,,211000,,,4.1158905029296875,15.320917129516602,15.036687850952148,40.581298828125,0.06746666666666667,0.0001
,,,,,211238,17.62419,1000,,,,,,
,,,,,212000,,,1.2246205806732178,19.272947311401367,19.278945922851562,18.98260498046875,0.06693333333333334,0.0001
,,,,,212238,11.5226965,1000,,,,,,
,,,,,213000,,,1.101636528968811,22.816375732421875,22.885250091552734,12.911145210266113,0.06640000000000001,0.0001
,,,,,213238,-48.050053,1000,,,,,,
,,,,,214000,,,21.936145782470703,28.78994369506836,29.505126953125,115.76534271240234,0.06586666666666667,0.0001
,,,,,214238,-25.306011,1000,,,,,,
,,,,,215000,,,3.0997965335845947,16.75701141357422,16.28942108154297,63.92604064941406,0.06533333333333333,0.0001
,,,,,215238,-26.103306,1000,,,,,,
,,,,,216000,,,0.8204184770584106,22.996807098388672,22.97032928466797,12.806971549987793,0.0648,0.0001
,,,,,216238,-69.89281,1000,,,,,,
,,,,,217000,,,27.847129821777344,15.4221773147583,16.31376075744629,194.43138122558594,0.06426666666666667,0.0001
,,,,,217238,5.143036,1000,,,,,,
,,,,,218000,,,1.7862316370010376,11.559698104858398,11.22300910949707,40.4257698059082,0.06373333333333334,0.0001
,,,,,218238,-50.012848,1000,,,,,,
,,,,,219000,,,13.527093887329102,28.425458908081055,28.251012802124023,90.26362609863281,0.0632,0.0001
,,,,,219238,-28.608335,1000,,,,,,
-16.964138,14.957457,4.71149,-41.223335,1000.0,220000,,,2.240508794784546,16.45149803161621,16.296173095703125,60.390342712402344,0.06266666666666668,0.0001
,,,,,220238,-35.83016,1000,,,,,,
,,,,,221000,,,3.021336078643799,12.164648056030273,12.00571346282959,30.2978458404541,0.06213333333333334,0.0001
,,,,,221238,-12.762653,1000,,,,,,
,,,,,222000,,,0.7708402872085571,18.408498764038086,18.230194091796875,21.332277297973633,0.06160000000000001,0.0001
,,,,,222238,-12.450785,1000,,,,,,
,,,,,223000,,,161.3838653564453,20.44839859008789,21.747596740722656,178.9601287841797,0.06106666666666667,0.0001
,,,,,223238,-14.397533,1000,,,,,,
,,,,,224000,,,1.794313669204712,26.053932189941406,26.01131820678711,30.341096878051758,0.060533333333333335,0.0001
,,,,,224238,-39.028374,1000,,,,,,
,,,,,225000,,,2.0615062713623047,19.44365692138672,19.647205352783203,45.748085021972656,0.060000000000000005,0.0001
,,,,,225238,-16.835571,1000,,,,,,
,,,,,226000,,,2.028184413909912,18.844867706298828,18.937191009521484,26.92794418334961,0.05946666666666667,0.0001
,,,,,226238,-20.069704,1000,,,,,,
,,,,,227000,,,5.561229705810547,17.702678680419922,18.507753372192383,99.61167907714844,0.05893333333333334,0.0001
,,,,,227238,3.019516,1000,,,,,,
,,,,,228000,,,2.237128496170044,21.18021011352539,20.723434448242188,50.12742614746094,0.0584,0.0001
,,,,,228238,-30.03751,1000,,,,,,
,,,,,229000,,,67.11107635498047,22.427045822143555,22.915557861328125,134.2416534423828,0.05786666666666668,0.0001
,,,,,229238,-39.022472,1000,,,,,,
-16.739223,18.816025,4.547545,-55.655838,1000.0,230000,,,1.660570740699768,12.72765827178955,12.861849784851074,23.111886978149414,0.05733333333333334,0.0001
,,,,,230238,-40.1937,1000,,,,,,
,,,,,231000,,,2.3419923782348633,14.221318244934082,14.110955238342285,22.12699317932129,0.0568,0.0001
,,,,,231238,5.889813,1000,,,,,,
,,,,,232000,,,2.956234931945801,22.815624237060547,22.77216911315918,42.97858428955078,0.05626666666666667,0.0001
,,,,,232238,-67.82301,1000,,,,,,
,,,,,233000,,,3.3899049758911133,15.715364456176758,15.732338905334473,53.59737014770508,0.055733333333333336,0.0001
,,,,,233238,-45.438164,1000,,,,,,
,,,,,234000,,,6.874625205993652,16.126359939575195,16.004032135009766,36.52887725830078,0.0552,0.0001
,,,,,234238,-12.95119,1000,,,,,,
,,,,,235000,,,3.0546228885650635,20.799020767211914,21.08318328857422,57.798118591308594,0.054666666666666676,0.0001
,,,,,235238,24.274574,1000,,,,,,
,,,,,236000,,,2.264876365661621,11.042354583740234,10.830415725708008,28.370620727539062,0.05413333333333334,0.0001
,,,,,236238,-41.739586,1000,,,,,,
,,,,,237000,,,2.251711130142212,22.184412002563477,22.032882690429688,31.433979034423828,0.05360000000000001,0.0001
,,,,,237238,-55.04815,1000,,,,,,
,,,,,238000,,,1.3327895402908325,27.500032424926758,27.899639129638672,50.845298767089844,0.05306666666666667,0.0001
,,,,,238238,-77.42706,1000,,,,,,
,,,,,239000,,,1.1532703638076782,19.75008773803711,19.71693229675293,18.043121337890625,0.052533333333333335,0.0001
,,,,,239238,-29.442875,1000,,,,,,
-37.830616,21.015785,-13.898719,-89.28993,1000.0,240000,,,0.922426700592041,28.5153865814209,28.127639770507812,55.41345977783203,0.052000000000000005,0.0001
,,,,,240238,-63.107723,1000,,,,,,
,,,,,241000,,,1.2226381301879883,24.600419998168945,24.55868148803711,21.874576568603516,0.05146666666666667,0.0001
,,,,,241238,-10.341252,1000,,,,,,
,,,,,242000,,,104.08574676513672,25.909727096557617,27.394359588623047,212.16355895996094,0.050933333333333344,0.0001
,,,,,242238,-31.343853,1000,,,,,,
,,,,,243000,,,4.48950719833374,18.37904930114746,18.28132438659668,38.23417282104492,0.05040000000000001,0.0001
,,,,,243238,-21.751175,1000,,,,,,
,,,,,244000,,,1.1697888374328613,21.198293685913086,21.171415328979492,21.541521072387695,0.04986666666666667,0.0001
,,,,,244238,-36.551037,1000,,,,,,
,,,,,245000,,,5.938201904296875,26.066532135009766,25.883869171142578,56.33034133911133,0.04933333333333334,0.0001
,,,,,245238,-8.165734,1000,,,,,,
,,,,,246000,,,1.2305421829223633,19.384765625,19.34063720703125,20.498106002807617,0.0488,0.0001
,,,,,246238,-5.5632,1000,,,,,,
,,,,,247000,,,10.3811616897583,14.322811126708984,14.190030097961426,77.22506713867188,0.04826666666666667,0.0001
,,,,,247238,-77.092155,1000,,,,,,
,,,,,248000,,,8.903202056884766,16.44038200378418,16.467863082885742,72.25281524658203,0.047733333333333336,0.0001
,,,,,248238,-69.71772,1000,,,,,,
,,,,,249000,,,33.275089263916016,22.400466918945312,23.168237686157227,111.05746459960938,0.0472,0.0001
,,,,,249238,-22.686256,1000,,,,,,
-29.163498,15.752165,-3.4214935,-49.79852,1000.0,250000,,,1.1331580877304077,18.83614158630371,18.817977905273438,23.947528839111328,0.046666666666666676,0.0001
,,,,,250238,-12.07734,1000,,,,,,
,,,,,251000,,,227.3734130859375,17.112993240356445,15.128007888793945,509.9366455078125,0.04613333333333334,0.0001
,,,,,251238,-48.760384,1000,,,,,,
,,,,,252000,,,10.716947555541992,24.233661651611328,24.28713607788086,121.10733032226562,0.0456,0.0001
,,,,,252238,-54.74951,1000,,,,,,
,,,,,253000,,,6.965948581695557,20.16132164001465,19.538108825683594,102.26121520996094,0.04506666666666667,0.0001
,,,,,253238,-36.660458,1000,,,,,,
,,,,,253733,155.62111,495,,,,,,
,,,,,254000,,,1.2493088245391846,24.521297454833984,24.50240707397461,18.84061622619629,0.044533333333333334,0.0001
,,,,,254733,-40.701447,1000,,,,,,
,,,,,255000,,,5.361640930175781,22.992477416992188,22.711910247802734,92.66036224365234,0.04400000000000001,0.0001
,,,,,255733,-12.197147,1000,,,,,,
,,,,,256000,,,5.489497184753418,10.45837116241455,10.621461868286133,50.32434844970703,0.043466666666666674,0.0001
,,,,,256733,-34.70543,1000,,,,,,
,,,,,257000,,,1.633449673652649,18.231477737426758,18.292016983032227,21.84050941467285,0.04293333333333334,0.0001
,,,,,257733,-23.507153,1000,,,,,,
,,,,,258000,,,12.695568084716797,11.105735778808594,10.783984184265137,104.16291046142578,0.04240000000000001,0.0001
,,,,,258733,-48.923058,1000,,,,,,
,,,,,259000,,,2.147918224334717,20.947772979736328,20.85638427734375,32.99603271484375,0.04186666666666667,0.0001
,,,,,259733,-24.609783,1000,,,,,,
-35.54056,22.929,-9.103167,-81.85796,1000.0,260000,,,0.923574686050415,21.865018844604492,21.846908569335938,15.94378662109375,0.04133333333333334,0.0001
,,,,,260733,-35.407337,1000,,,,,,
,,,,,261000,,,3.278630018234253,10.37162971496582,10.576398849487305,42.82152557373047,0.0408,0.0001
,,,,,261733,-7.3874283,1000,,,,,,
,,,,,262000,,,1.3175179958343506,21.967254638671875,22.15829849243164,29.118972778320312,0.040266666666666666,0.0001
,,,,,262733,-9.137729,1000,,,,,,
,,,,,263000,,,1.3537297248840332,20.746509552001953,20.556072235107422,38.0567626953125,0.03973333333333334,0.0001
,,,,,263733,-25.688852,1000,,,,,,
,,,,,264000,,,1.6487528085708618,20.243614196777344,20.391845703125,34.679256439208984,0.039200000000000006,0.0001
,,,,,264733,-1.1188416,1000,,,,,,
,,,,,265000,,,2.4625589847564697,17.81865692138672,17.700439453125,38.88886260986328,0.03866666666666667,0.0001
,,,,,265733,-37.244205,1000,,,,,,
,,,,,266000,,,0.6064335107803345,20.458106994628906,20.44200325012207,9.120464324951172,0.03813333333333334,0.0001
,,,,,266733,-60.952335,1000,,,,,,
,,,,,267000,,,0.8473342657089233,23.675922393798828,23.831806182861328,28.575037002563477,0.0376,0.0001
,,,,,267733,-65.63535,1000,,,,,,
,,,,,268000,,,1.0555453300476074,22.45014190673828,22.44298553466797,22.756555557250977,0.03706666666666668,0.0001
,,,,,268733,-40.377003,1000,,,,,,
,,,,,269000,,,6.0005035400390625,31.7194881439209,32.04022979736328,74.34709167480469,0.036533333333333334,0.0001
,,,,,269733,0.682317,1000,,,,,,
-31.426538,21.206007,0.45858288,-65.032455,1000.0,270000,,,1.1215040683746338,30.700969696044922,30.680328369140625,17.27021598815918,0.036000000000000004,0.0001
,,,,,270733,-19.192947,1000,,,,,,
,,,,,271000,,,0.9383394718170166,19.06253433227539,19.064109802246094,12.24660873413086,0.035466666666666674,0.0001
,,,,,271733,17.36387,1000,,,,,,
,,,,,272000,,,1.104841947555542,28.067203521728516,28.197540283203125,19.851133346557617,0.03493333333333333,0.0001
,,,,,272733,-27.66404,1000,,,,,,
,,,,,273000,,,148.0543975830078,20.811805725097656,21.677932739257812,441.3345947265625,0.034400000000000014,0.0001
,,,,,273733,-38.444954,1000,,,,,,
,,,,,274000,,,1.5962318181991577,13.204205513000488,13.191041946411133,21.177637100219727,0.03386666666666667,0.0001
,,,,,274733,-74.80876,1000,,,,,,
,,,,,275000,,,1.8347290754318237,25.458812713623047,25.693090438842773,48.24557876586914,0.03333333333333334,0.0001
,,,,,275733,-71.43567,1000,,,,,,
,,,,,276000,,,1.3434042930603027,15.986176490783691,16.162315368652344,24.608901977539062,0.03280000000000001,0.0001
,,,,,276733,-10.34362,1000,,,,,,
,,,,,277000,,,1.9624145030975342,18.11172103881836,17.713729858398438,54.04724884033203,0.032266666666666666,0.0001
,,,,,277733,-0.91106176,1000,,,,,,
,,,,,278000,,,8.686352729797363,14.008380889892578,13.80909538269043,86.20074462890625,0.031733333333333336,0.0001
,,,,,278733,-32.30115,1000,,,,,,
,,,,,279000,,,0.7869271039962769,14.720699310302734,14.547422409057617,23.404077529907227,0.031200000000000006,0.0001
,,,,,279733,0.3500936,1000,,,,,,
-12.231647,16.466803,7.9025507,-46.753357,1000.0,280000,,,1.8479260206222534,14.076406478881836,13.617032051086426,55.587345123291016,0.03066666666666666,0.0001
,,,,,280733,-35.507015,1000,,,,,,
,,,,,281000,,,5.523083686828613,16.93987274169922,17.00018310546875,58.059932708740234,0.030133333333333345,0.0001
,,,,,281733,-16.990793,1000,,,,,,
,,,,,282000,,,4.855828762054443,18.206092834472656,18.003894805908203,39.6885986328125,0.0296,0.0001
,,,,,282733,-15.506083,1000,,,,,,
,,,,,283000,,,1.558115839958191,23.674169540405273,23.533451080322266,19.963598251342773,0.02906666666666667,0.0001
,,,,,283733,-47.11364,1000,,,,,,
,,,,,284000,,,145.26687622070312,16.78655433654785,18.475786209106445,337.2218322753906,0.02853333333333334,0.0001
,,,,,284733,3.79247,1000,,,,,,
,,,,,285000,,,0.8669822216033936,22.665462493896484,22.831844329833984,30.589542388916016,0.027999999999999997,0.0001
,,,,,285733,-58.117607,1000,,,,,,
,,,,,286000,,,179.83294677734375,16.505945205688477,18.213146209716797,391.0059814453125,0.02746666666666668,0.0001
,,,,,286733,15.419479,1000,,,,,,
,,,,,287000,,,2.5388829708099365,17.200458526611328,17.121044158935547,48.2021484375,0.026933333333333337,0.0001
,,,,,287733,-46.742912,1000,,,,,,
,,,,,288000,,,4.763092517852783,20.450578689575195,20.20152473449707,49.25654220581055,0.026400000000000007,0.0001
,,,,,288733,-22.944305,1000,,,,,,
,,,,,289000,,,2.593005418777466,15.660266876220703,15.728374481201172,55.4989013671875,0.025866666666666677,0.0001
,,,,,289733,12.2365265,1000,,,,,,
-14.310646,18.304369,11.287588,-44.57892,1000.0,290000,,,0.8041947484016418,21.013168334960938,21.112895965576172,17.923072814941406,0.025333333333333333,0.0001
,,,,,290733,-47.79941,1000,,,,,,
,,,,,291000,,,4.205890655517578,16.2786808013916,16.325973510742188,34.11690139770508,0.024800000000000003,0.0001
,,,,,291733,-45.435074,1000,,,,,,
,,,,,292000,,,0.5968539714813232,20.40021514892578,20.227813720703125,25.891963958740234,0.024266666666666672,0.0001
,,,,,292733,-5.2470345,1000,,,,,,
,,,,,293000,,,1.1687301397323608,15.339037895202637,15.757801055908203,46.42275619506836,0.02373333333333333,0.0001
,,,,,293733,-49.18083,1000,,,,,,
,,,,,294000,,,6.94912576675415,19.18343734741211,18.718402862548828,131.75440979003906,0.023200000000000012,0.0001
,,,,,294733,-49.019516,1000,,,,,,
,,,,,295000,,,10.263381958007812,18.919496536254883,18.89916229248047,75.7305908203125,0.02266666666666667,0.0001
,,,,,295733,-30.507994,1000,,,,,,
,,,,,296000,,,7.077614784240723,18.880130767822266,18.50948143005371,76.25775146484375,0.022133333333333338,0.0001
,,,,,296733,-24.116423,1000,,,,,,
,,,,,297000,,,1.4728193283081055,21.180557250976562,21.113178253173828,26.782852172851562,0.021600000000000008,0.0001
,,,,,297733,-8.382977,1000,,,,,,
,,,,,298000,,,1.0414485931396484,22.825761795043945,22.994796752929688,36.862674713134766,0.021066666666666664,0.0001
,,,,,298733,-6.8125067,1000,,,,,,
,,,,,299000,,,18.79723358154297,4.977255821228027,5.48750114440918,67.08602142333984,0.020533333333333334,0.0001
,,,,,299733,-54.093483,1000,,,,,,
-32.43433,27.236671,2.6084569,-82.741325,1000.0,300000,,,115.33204650878906,14.661100387573242,13.247857093811035,593.973876953125,0.02,0.0001
,,,,,300733,12.5918045,1000,,,,,,
,,,,,301000,,,7.842655658721924,20.736114501953125,20.388586044311523,54.06888961791992,0.02,0.0001
,,,,,301733,-11.894345,1000,,,,,,
,,,,,302000,,,4.19545316696167,22.408721923828125,21.7923526763916,82.51751708984375,0.02,0.0001
,,,,,302733,-105.82542,1000,,,,,,
,,,,,303000,,,0.7119853496551514,26.11084747314453,26.02783203125,12.399742126464844,0.02,0.0001
,,,,,303733,-45.57982,1000,,,,,,
,,,,,304000,,,0.5827797651290894,14.830253601074219,14.730344772338867,14.102399826049805,0.02,0.0001
,,,,,304733,-27.085703,1000,,,,,,
,,,,,305000,,,12.980476379394531,15.6655855178833,15.944493293762207,66.29390716552734,0.02,0.0001
,,,,,305733,-76.76924,1000,,,,,,
,,,,,306000,,,5.093675136566162,25.843170166015625,26.155031204223633,46.85065460205078,0.02,0.0001
,,,,,306733,-10.043012,1000,,,,,,
,,,,,307000,,,0.9448603391647339,21.681312561035156,21.874433517456055,25.809680938720703,0.02,0.0001
,,,,,307733,-74.49041,1000,,,,,,
,,,,,308000,,,14.734590530395508,7.521233081817627,8.088886260986328,75.80064392089844,0.02,0.0001
,,,,,308733,-5.383684,1000,,,,,,
,,,,,309000,,,0.8681133985519409,25.39849853515625,25.36942481994629,19.493614196777344,0.02,0.0001
,,,,,309733,-26.95992,1000,,,,,,
-57.023346,20.787945,-18.922735,-82.48781,1000.0,310000,,,3.6012394428253174,20.535259246826172,20.63170623779297,41.87704086303711,0.02,0.0001
,,,,,310733,10.417751,1000,,,,,,
,,,,,311000,,,1.175581932067871,27.533889770507812,27.168567657470703,47.25917053222656,0.02,0.0001
,,,,,311733,-11.11517,1000,,,,,,
,,,,,312000,,,12.711050033569336,26.586912155151367,26.191558837890625,114.80032348632812,0.02,0.0001
,,,,,312733,-42.38663,1000,,,,,,
,,,,,313000,,,0.6755660176277161,28.934341430664062,29.17102813720703,35.62214279174805,0.02,0.0001
,,,,,313733,-25.32472,1000,,,,,,
,,,,,314000,,,1.1152706146240234,16.9837703704834,16.752079010009766,35.79465103149414,0.02,0.0001
,,,,,314733,-51.287914,1000,,,,,,
,,,,,315000,,,1.0438120365142822,20.78596305847168,21.145801544189453,44.46702194213867,0.02,0.0001
,,,,,315733,-10.580568,1000,,,,,,
,,,,,316000,,,14.985876083374023,17.90557098388672,17.586353302001953,155.9627227783203,0.02,0.0001
,,,,,316733,-8.331898,1000,,,,,,
,,,,,317000,,,2.2604970932006836,21.664955139160156,21.59886932373047,40.924503326416016,0.02,0.0001
,,,,,317733,-38.752,1000,,,,,,
,,,,,318000,,,0.9123109579086304,15.692974090576172,15.703845977783203,16.8511905670166,0.02,0.0001
,,,,,318733,-13.336046,1000,,,,,,
,,,,,319000,,,8.691057205200195,15.997306823730469,16.02617645263672,73.95906829833984,0.02,0.0001
,,,,,319733,-72.53184,1000,,,,,,
32.909653,100.58519,250.68633,-45.912888,900.3,320000,,,0.9694300889968872,18.805219650268555,18.85021209716797,14.816510200500488,0.02,0.0001
,,,,,320733,-38.297375,1000,,,,,,
,,,,,321000,,,0.8408599495887756,22.842384338378906,22.621685028076172,36.62420654296875,0.02,0.0001
,,,,,321733,-26.864178,1000,,,,,,
,,,,,322000,,,1.3884817361831665,23.42526626586914,23.652450561523438,28.629009246826172,0.02,0.0001
,,,,,322733,-15.075013,1000,,,,,,
,,,,,323000,,,8.859237670898438,16.300983428955078,16.60718536376953,75.28063201904297,0.02,0.0001
,,,,,323733,-34.141136,1000,,,,,,
,,,,,324000,,,0.8187204599380493,19.745304107666016,19.725749969482422,14.440013885498047,0.02,0.0001
,,,,,324733,13.599389,1000,,,,,,
,,,,,325000,,,0.9200582504272461,14.287885665893555,14.447073936462402,24.187225341796875,0.02,0.0001
,,,,,325733,17.146606,1000,,,,,,
,,,,,326000,,,0.657991886138916,22.4007625579834,22.13646697998047,34.94384002685547,0.02,0.0001
,,,,,326733,-1.8846364,1000,,,,,,
,,,,,327000,,,6.570744037628174,22.231815338134766,21.83697509765625,83.1290054321289,0.02,0.0001
,,,,,327733,-37.786476,1000,,,,,,
,,,,,328000,,,5.778495788574219,17.457054138183594,17.519515991210938,29.107091903686523,0.02,0.0001
,,,,,328733,-47.33471,1000,,,,,,
,,,,,329000,,,0.753013014793396,19.069416046142578,19.09368133544922,16.907411575317383,0.02,0.0001
,,,,,329733,5.900259,1000,,,,,,
-24.262922,17.101917,-11.976303,-74.354996,1000.0,330000,,,0.6021997332572937,22.465370178222656,22.32656478881836,22.09102439880371,0.02,0.0001
,,,,,330733,-15.340761,1000,,,,,,
,,,,,331000,,,0.8318206071853638,20.835508346557617,20.76841926574707,20.58627700805664,0.02,0.0001
,,,,,331733,10.227702,1000,,,,,,
,,,,,332000,,,2.280569076538086,13.657672882080078,13.7220458984375,35.13624572753906,0.02,0.0001
,,,,,332733,-4.588611,1000,,,,,,
,,,,,333000,,,3.801621913909912,7.093255043029785,6.63525915145874,92.03069305419922,0.02,0.0001
,,,,,333733,-39.149353,1000,,,,,,
,,,,,334000,,,15.704742431640625,20.567005157470703,20.964021682739258,78.58753967285156,0.02,0.0001
,,,,,334181,215.26332,448,,,,,,
,,,,,334893,165.72327,712,,,,,,
,,,,,335000,,,57.629676818847656,24.49979019165039,23.447484970092773,337.3933410644531,0.02,0.0001
,,,,,335893,5.9796305,1000,,,,,,
,,,,,336000,,,0.7468951344490051,24.531536102294922,24.489694595336914,24.01276397705078,0.02,0.0001
,,,,,336730,231.59947,837,,,,,,
,,,,,337000,,,0.8850845098495483,21.22193145751953,21.206466674804688,12.071779251098633,0.02,0.0001
,,,,,337394,202.13904,664,,,,,,
,,,,,338000,,,1.474820852279663,20.100568771362305,19.79296112060547,67.49798583984375,0.02,0.0001
,,,,,338237,187.6951,843,,,,,,
,,,,,339000,,,0.8397807478904724,33.154029846191406,32.964874267578125,25.100820541381836,0.02,0.0001
,,,,,339237,-2.7209136,1000,,,,,,
-23.196896,19.386377,15.377235,-51.472748,1000.0,340000,,,7.254153251647949,12.932510375976562,12.791596412658691,49.68028259277344,0.02,0.0001
,,,,,340237,-74.48738,1000,,,,,,
,,,,,341000,,,19.36025619506836,17.737384796142578,18.00270652770996,123.96580505371094,0.02,0.0001
,,,,,341235,138.68045,998,,,,,,
,,,,,341783,251.1368,548,,,,,,
,,,,,342000,,,0.6260406970977783,21.133411407470703,21.039901733398438,10.46066951751709,0.02,0.0001
,,,,,342783,-34.34837,1000,,,,,,
,,,,,343000,,,14.848755836486816,15.487554550170898,16.235118865966797,96.90293884277344,0.02,0.0001
,,,,,343453,141.74762,670,,,,,,
,,,,,344000,,,5.685647964477539,12.84809684753418,12.598243713378906,58.9288330078125,0.02,0.0001
,,,,,344107,196.50293,654,,,,,,
,,,,,345000,,,1.9364714622497559,16.765188217163086,16.81399917602539,51.3719596862793,0.02,0.0001
,,,,,345107,19.058424,1000,,,,,,
,,,,,346000,,,1.1220641136169434,9.503944396972656,9.364059448242188,23.26371192932129,0.02,0.0001
,,,,,346107,-20.716759,1000,,,,,,
,,,,,346729,199.08069,622,,,,,,
,,,,,347000,,,0.6115252375602722,21.87473487854004,21.976455688476562,20.307729721069336,0.02,0.0001
,,,,,347052,179.6484,323,,,,,,
,,,,,348000,,,4.425276756286621,20.22565460205078,20.800838470458984,79.41919708251953,0.02,0.0001
,,,,,348052,-69.850525,1000,,,,,,
,,,,,349000,,,1.126442551612854,14.082233428955078,13.915149688720703,33.6959114074707,0.02,0.0001
,,,,,349052,10.74136,1000,,,,,,
169.4921,77.09667,244.05138,16.204714,687.2,350000,,,5.1003642082214355,28.042940139770508,27.9837589263916,38.939735412597656,0.02,0.0001
,,,,,350052,1.706981,1000,,,,,,
,,,,,351000,,,0.7251833081245422,26.208070755004883,26.25800132751465,13.591263771057129,0.02,0.0001
,,,,,351052,29.839548,1000,,,,,,
,,,,,352000,,,6.05561637878418,12.11032485961914,11.635579109191895,67.23194122314453,0.02,0.0001
,,,,,352052,-15.873247,1000,,,,,,
,,,,,353000,,,1.8118529319763184,13.07330322265625,13.245418548583984,34.59109115600586,0.02,0.0001
,,,,,353052,4.782337,1000,,,,,,
,,,,,353954,176.16132,902,,,,,,
,,,,,354000,,,1.253426194190979,21.249298095703125,21.519582748413086,47.18773651123047,0.02,0.0001
,,,,,354443,203.1717,489,,,,,,
,,,,,355000,,,1.528644323348999,19.20916748046875,19.175086975097656,24.365468978881836,0.02,0.0001
,,,,,355443,-12.639595,1000,,,,,,
,,,,,356000,,,1.0248115062713623,19.46670150756836,19.507484436035156,29.140213012695312,0.02,0.0001
,,,,,356291,206.63481,848,,,,,,
,,,,,356856,207.92921,565,,,,,,
,,,,,357000,,,1.3702809810638428,21.863943099975586,22.083534240722656,26.525346755981445,0.02,0.0001
,,,,,357856,22.084127,1000,,,,,,
,,,,,358000,,,0.8605504035949707,14.08970832824707,13.947205543518066,27.56104850769043,0.02,0.0001
,,,,,358634,178.55841,778,,,,,,
,,,,,359000,,,2.7100605964660645,17.696765899658203,17.67251205444336,47.648563385009766,0.02,0.0001
,,,,,359096,243.9093,462,,,,,,
,,,,,359511,230.02528,415,,,,,,
235.86487,11.010929,256.48013,221.38397,433.9,360000,,,0.7826433181762695,28.0838623046875,28.172622680664062,17.76093292236328,0.02,0.0001
,,,,,360234,239.0788,723,,,,,,
,,,,,361000,,,1.593083143234253,21.10378646850586,20.548215866088867,76.67523193359375,0.02,0.0001
,,,,,361095,181.88132,861,,,,,,
,,,,,361569,214.58519,474,,,,,,
,,,,,362000,,,4.684146404266357,18.221755981445312,18.509708404541016,56.997650146484375,0.02,0.0001
,,,,,362569,1.4988053,1000,,,,,,
,,,,,363000,,,6.92976713180542,23.220901489257812,22.87027931213379,67.38203430175781,0.02,0.0001
,,,,,363569,-44.295677,1000,,,,,,
,,,,,364000,,,17.14176368713379,26.558687210083008,26.811412811279297,146.32518005371094,0.02,0.0001
,,,,,364152,161.4519,583,,,,,,
,,,,,364510,230.17975,358,,,,,,
,,,,,364868,257.1624,358,,,,,,
,,,,,365000,,,1.0565681457519531,17.717090606689453,17.89857292175293,37.80250930786133,0.02,0.0001
,,,,,365618,156.6742,750,,,,,,
,,,,,365974,243.3185,356,,,,,,
,,,,,366000,,,1.4224684238433838,23.86330795288086,23.829776763916016,21.281389236450195,0.02,0.0001
,,,,,366459,259.94406,485,,,,,,
,,,,,366902,217.53275,443,,,,,,
,,,,,367000,,,1.8208909034729004,17.03717803955078,17.17778778076172,25.255504608154297,0.02,0.0001
,,,,,367549,172.46779,647,,,,,,
,,,,,368000,,,1.44231379032135,15.520176887512207,15.436857223510742,19.478952407836914,0.02,0.0001
,,,,,368549,-53.486782,1000,,,,,,
,,,,,369000,,,6.1821818351745605,25.101482391357422,25.4619140625,110.4088134765625,0.02,0.0001
,,,,,369398,134.4475,849,,,,,,
114.24609,105.1213,227.19669,-31.617752,769.4,370000,,,1.1757798194885254,31.04913330078125,31.096473693847656,17.137170791625977,0.02,0.0001
,,,,,370228,179.84729,830,,,,,,
,,,,,371000,,,1.0736572742462158,23.267683029174805,23.503862380981445,27.191810607910156,0.02,0.0001
,,,,,371228,-30.015774,1000,,,,,,
,,,,,372000,,,114.07738494873047,18.084075927734375,16.45189094543457,661.9391479492188,0.02,0.0001
,,,,,372228,19.053223,1000,,,,,,
,,,,,373000,,,1.1072688102722168,17.078617095947266,17.21033477783203,26.641305923461914,0.02,0.0001
,,,,,373228,-11.005569,1000,,,,,,
,,,,,374000,,,0.4861210286617279,28.033573150634766,28.01141357421875,7.330287456512451,0.02,0.0001
,,,,,374228,-44.255024,1000,,,,,,
,,,,,374629,218.32181,401,,,,,,
,,,,,375000,,,6.84397029876709,14.731243133544922,15.152324676513672,74.05659484863281,0.02,0.0001
,,,,,375629,-26.779606,1000,,,,,,
,,,,,376000,,,5.4039106369018555,22.745492935180664,23.070770263671875,39.3896369934082,0.02,0.0001
,,,,,376108,197.68877,479,,,,,,
,,,,,377000,,,1.2029078006744385,15.567878723144531,15.54389762878418,13.478840827941895,0.02,0.0001
,,,,,377108,13.636625,1000,,,,,,
,,,,,378000,,,0.8273686170578003,19.814990997314453,20.112060546875,43.33977508544922,0.02,0.0001
,,,,,378108,-15.028749,1000,,,,,,
,,,,,378551,232.29008,443,,,,,,
,,,,,378991,243.68233,440,,,,,,
,,,,,379000,,,3.77933406829834,20.36691665649414,20.32654571533203,40.51271438598633,0.02,0.0001
,,,,,379543,219.45139,552,,,,,,
65.85295,106.602715,232.50954,-38.44355,824.6,380000,,,1.1622169017791748,18.38370132446289,18.222030639648438,29.606056213378906,0.02,0.0001
,,,,,380543,-1.9980218,1000,,,,,,
,,,,,381000,,,0.8690298795700073,24.339338302612305,24.177814483642578,24.73426055908203,0.02,0.0001
,,,,,381365,177.08049,822,,,,,,
,,,,,381858,230.13461,493,,,,,,
,,,,,382000,,,0.8550546169281006,26.10871124267578,25.850292205810547,32.12383270263672,0.02,0.0001
,,,,,382858,-21.520298,1000,,,,,,
,,,,,383000,,,0.7825944423675537,22.327571868896484,22.43529510498047,16.531021118164062,0.02,0.0001
,,,,,383858,-7.848792,1000,,,,,,
,,,,,384000,,,0.9234787821769714,19.987831115722656,19.989620208740234,23.21590805053711,0.02,0.0001
,,,,,384460,209.96211,602,,,,,,
,,,,,385000,,,2.2827982902526855,22.009252548217773,22.15273666381836,34.38917922973633,0.02,0.0001
,,,,,385460,26.113585,1000,,,,,,
,,,,,386000,,,1.3330464363098145,27.202451705932617,27.362873077392578,37.90227127075195,0.02,0.0001
,,,,,386004,239.89476,544,,,,,,
,,,,,386417,256.82025,413,,,,,,
,,,,,387000,,,9.741046905517578,17.67074203491211,17.87308120727539,39.094757080078125,0.02,0.0001
,,,,,387146,98.3431,729,,,,,,
,,,,,387784,227.33804,638,,,,,,
,,,,,388000,,,0.8482523560523987,30.93685531616211,30.943798065185547,18.28445053100586,0.02,0.0001
,,,,,388784,26.023226,1000,,,,,,
,,,,,389000,,,12.504755020141602,24.267681121826172,24.811092376708984,81.62740325927734,0.02,0.0001
,,,,,389171,242.76178,387,,,,,,
,,,,,389830,198.70764,659,,,,,,
70.294464,93.535255,234.0521,-40.695694,885.2,390000,,,0.6478618383407593,20.758182525634766,20.69382095336914,17.6662540435791,0.02,0.0001
,,,,,390464,188.1944,634,,,,,,
,,,,,391000,,,0.6303510665893555,25.055065155029297,25.323118209838867,33.674774169921875,0.02,0.0001
,,,,,391464,-4.153244,1000,,,,,,
,,,,,392000,,,129.06231689453125,24.508220672607422,25.82447052001953,199.25392150878906,0.02,0.0001
,,,,,392464,30.876217,1000,,,,,,
,,,,,393000,,,0.8405216336250305,14.786295890808105,14.927713394165039,21.37501335144043,0.02,0.0001
,,,,,393392,168.05885,928,,,,,,
,,,,,393844,234.69402,452,,,,,,
,,,,,394000,,,7.435428619384766,18.410680770874023,18.78299331665039,46.89863967895508,0.02,0.0001
,,,,,394290,237.53087,446,,,,,,
,,,,,394639,202.97934,349,,,,,,
,,,,,395000,,,1.3012996912002563,17.678951263427734,17.567047119140625,26.26578140258789,0.02,0.0001
,,,,,395137,230.81458,498,,,,,,
,,,,,395710,196.42737,573,,,,,,
,,,,,396000,,,0.5896823406219482,18.642860412597656,18.718395233154297,14.583605766296387,0.02,0.0001
,,,,,396278,214.46185,568,,,,,,
,,,,,397000,,,19.324352264404297,15.74238395690918,15.284261703491211,147.50746154785156,0.02,0.0001
,,,,,397010,163.41743,732,,,,,,
,,,,,397777,182.96155,767,,,,,,
,,,,,398000,,,4.0074782371521,20.825641632080078,20.966815948486328,55.27652359008789,0.02,0.0001
,,,,,398177,253.08934,400,,,,,,
,,,,,398847,225.64651,670,,,,,,
,,,,,399000,,,2.211561441421509,20.575912475585938,20.648122787475586,34.413978576660156,0.02,0.0001
,,,,,399188,228.06389,341,,,,,,
,,,,,399581,261.30084,393,,,,,,
173.90277,90.31193,269.79346,-18.100973,622.4,400000,,,14.763995170593262,18.394451141357422,18.255107879638672,94.82524871826172,0.02,0.0001
,,,,,400100,235.65541,519,,,,,,
,,,,,401000,,,1.1840424537658691,21.16217803955078,20.67892837524414,54.918792724609375,0.02,0.0001
,,,,,401100,10.385084,1000,,,,,,
,,,,,401826,185.5853,726,,,,,,
,,,,,402000,,,0.7661532759666443,28.214889526367188,28.057292938232422,18.79754066467285,0.02,0.0001
,,,,,402321,234.44887,495,,,,,,
,,,,,403000,,,68.99151611328125,26.444032669067383,27.41199493408203,97.09416961669922,0.02,0.0001
,,,,,403124,187.71066,803,,,,,,
,,,,,403561,249.68375,437,,,,,,
,,,,,403930,227.78955,369,,,,,,
,,,,,404000,,,1.296087622642517,14.234344482421875,14.044493675231934,50.19296646118164,0.02,0.0001
,,,,,404384,243.46242,454,,,,,,
,,,,,404970,225.90823,586,,,,,,
,,,,,405000,,,1.122523307800293,20.315601348876953,20.284183502197266,21.159332275390625,0.02,0.0001
,,,,,405401,242.8811,431,,,,,,
,,,,,405718,259.92737,317,,,,,,
,,,,,406000,,,4.000739574432373,28.926164627075195,28.49014663696289,49.57122802734375,0.02,0.0001
,,,,,406351,178.97241,633,,,,,,
,,,,,406833,242.87288,482,,,,,,
,,,,,407000,,,0.7899572849273682,28.049198150634766,27.95721435546875,19.04563331604004,0.02,0.0001
,,,,,407162,217.25601,329,,,,,,
,,,,,407514,215.05814,352,,,,,,
,,,,,407791,234.52457,277,,,,,,
,,,,,408000,,,0.9715741872787476,23.03050422668457,22.45608901977539,66.97969055175781,0.02,0.0001
,,,,,408164,253.70642,373,,,,,,
,,,,,408419,272.75476,255,,,,,,
,,,,,408882,220.80925,463,,,,,,
,,,,,409000,,,3.0631837844848633,28.223430633544922,28.721511840820312,62.36768341064453,0.02,0.0001
,,,,,409268,243.28586,386,,,,,,
,,,,,409566,211.0162,298,,,,,,
241.23701,15.696682,267.8242,216.43713,358.7,410000,,,3.1108412742614746,21.060646057128906,20.90996551513672,29.85446548461914,0.02,0.0001
,,,,,410019,241.40501,453,,,,,,
,,,,,410329,210.7416,310,,,,,,
,,,,,410707,214.15231,378,,,,,,
,,,,,411000,,,12.334429740905762,20.409692764282227,20.8978271484375,58.939300537109375,0.02,0.0001
,,,,,411435,138.71323,728,,,,,,
,,,,,411873,233.33142,438,,,,,,
,,,,,412000,,,7.467049598693848,26.396774291992188,25.883590698242188,141.9100341796875,0.02,0.0001
,,,,,412234,250.56905,361,,,,,,
,,,,,412619,262.28973,385,,,,,,
,,,,,413000,,,0.8532294034957886,25.67062759399414,25.6959228515625,11.402578353881836,0.02,0.0001
,,,,,413113,217.71518,494,,,,,,
,,,,,413528,228.41371,415,,,,,,
,,,,,413913,237.01169,385,,,,,,
,,,,,414000,,,1.29450261592865,29.48175048828125,29.467792510986328,18.49186134338379,0.02,0.0001
,,,,,414234,276.8833,321,,,,,,
,,,,,414589,262.16754,355,,,,,,
,,,,,414863,230.40176,274,,,,,,
,,,,,415000,,,1.1710901260375977,31.22060203552246,31.363439559936523,30.174238204956055,0.02,0.0001
,,,,,415315,261.79324,452,,,,,,
,,,,,415634,250.31102,319,,,,,,
,,,,,415909,244.69684,275,,,,,,
,,,,,416000,,,4.714146614074707,17.972816467285156,17.728567123413086,51.28091049194336,0.02,0.0001
,,,,,416288,251.828,379,,,,,,
,,,,,416664,253.35666,376,,,,,,
,,,,,417000,,,2.7332537174224854,20.647850036621094,20.241046905517578,71.14458465576172,0.02,0.0001
,,,,,417011,244.13078,347,,,,,,
,,,,,417295,249.85136,284,,,,,,
,,,,,417620,262.15286,325,,,,,,
,,,,,417892,256.7925,272,,,,,,
,,,,,418000,,,2.8793811798095703,18.135330200195312,18.335159301757812,27.454761505126953,0.02,0.0001
,,,,,418186,239.90157,294,,,,,,
,,,,,418618,259.23804,432,,,,,,
,,,,,418945,286.2844,327,,,,,,
,,,,,419000,,,8.945554733276367,30.360931396484375,30.445709228515625,65.62467193603516,0.02,0.0001
,,,,,419195,269.91803,250,,,,,,
,,,,,419492,216.8274,297,,,,,,
,,,,,419930,273.91968,438,,,,,,
244.33902,34.938503,286.84277,153.55544,407.1,420000,,,3.969970703125,27.16765594482422,27.26129913330078,74.60487365722656,0.02,0.0001
,,,,,420369,212.35007,439,,,,,,
,,,,,420607,269.93457,238,,,,,,
,,,,,421000,,,1.3732380867004395,27.03559112548828,26.647876739501953,53.73290252685547,0.02,0.0001
,,,,,421607,-41.87399,1000,,,,,,
,,,,,421969,275.6305,362,,,,,,
,,,,,422000,,,1.9534103870391846,24.37203025817871,24.21158218383789,34.40700149536133,0.02,0.0001
,,,,,422245,241.22485,276,,,,,,
,,,,,422463,289.5655,218,,,,,,
,,,,,422799,268.55228,336,,,,,,
,,,,,423000,,,0.6472539901733398,28.403648376464844,28.414215087890625,13.160679817199707,0.02,0.0001
,,,,,423066,280.71848,267,,,,,,
,,,,,423529,210.87979,463,,,,,,
,,,,,423871,268.07135,342,,,,,,
,,,,,424000,,,7.177574157714844,30.678714752197266,30.692951202392578,50.68914794921875,0.02,0.0001
,,,,,424158,235.5201,287,,,,,,
,,,,,424603,269.34222,445,,,,,,
,,,,,424889,255.62515,286,,,,,,
,,,,,425000,,,0.7148206830024719,25.396839141845703,25.491416931152344,18.61804962158203,0.02,0.0001
,,,,,425150,220.44139,261,,,,,,
,,,,,425388,244.86185,238,,,,,,
,,,,,425743,246.53934,355,,,,,,
,,,,,426000,,,1.8603415489196777,24.743152618408203,25.15990447998047,51.235801696777344,0.02,0.0001
,,,,,426132,280.992,389,,,,,,
,,,,,426699,224.22128,567,,,,,,
,,,,,427000,,,3.4878106117248535,30.467405319213867,30.95907974243164,56.15507507324219,0.02,0.0001
,,,,,427030,216.6046,331,,,,,,
,,,,,427281,243.58351,251,,,,,,
,,,,,427545,245.8453,264,,,,,,
,,,,,427910,260.40332,365,,,,,,
,,,,,428000,,,0.9906949996948242,31.916759490966797,31.952089309692383,20.449098587036133,0.02,0.0001
,,,,,428910,13.846476,1000,,,,,,
,,,,,429000,,,13.200498580932617,25.41874885559082,25.710472106933594,105.77523040771484,0.02,0.0001
,,,,,429261,216.86276,351,,,,,,
,,,,,429808,228.60457,547,,,,,,
250.06645,37.498295,289.47772,159.03845,376.6,430000,,,0.9928841590881348,25.662221908569336,25.56505012512207,24.626232147216797,0.02,0.0001
,,,,,430044,250.30382,236,,,,,,
,,,,,430423,236.60013,379,,,,,,
,,,,,430749,298.63782,326,,,,,,
,,,,,431000,,,4.579565525054932,28.670669555664062,28.55252456665039,38.777198791503906,0.02,0.0001
,,,,,431062,261.5553,313,,,,,,
,,,,,431257,274.97876,195,,,,,,
,,,,,431884,160.00533,627,,,,,,
,,,,,432000,,,271.33026123046875,25.707862854003906,23.651622772216797,438.1280212402344,0.02,0.0001
,,,,,432203,278.91125,319,,,,,,
,,,,,432476,273.7691,273,,,,,,
,,,,,432820,265.1938,344,,,,,,
,,,,,433000,,,14.040711402893066,24.256258010864258,24.48760986328125,48.28328323364258,0.02,0.0001
,,,,,433086,283.50885,266,,,,,,
,,,,,433753,145.02199,667,,,,,,
,,,,,434000,,,37.5726432800293,24.989147186279297,26.023822784423828,190.8413543701172,0.02,0.0001
,,,,,434106,253.41809,353,,,,,,
,,,,,434366,246.7078,260,,,,,,
,,,,,434903,250.23564,537,,,,,,
,,,,,435000,,,5.025522708892822,21.305356979370117,21.326126098632812,38.204219818115234,0.02,0.0001
,,,,,435143,254.53337,240,,,,,,
,,,,,435556,242.2906,413,,,,,,
,,,,,435807,269.73273,251,,,,,,
,,,,,436000,,,20.824321746826172,18.410320281982422,17.94147491455078,92.02735137939453,0.02,0.0001
,,,,,436127,146.74078,320,,,,,,
,,,,,436490,266.27374,363,,,,,,
,,,,,437000,,,0.8115521669387817,21.539505004882812,21.512758255004883,12.956957817077637,0.02,0.0001
,,,,,437490,139.78871,1000,,,,,,
,,,,,438000,,,71.73198699951172,23.14492416381836,21.51436996459961,450.4765930175781,0.02,0.0001
,,,,,438118,192.47836,628,,,,,,
,,,,,438513,232.89676,395,,,,,,
,,,,,438909,274.08942,396,,,,,,
,,,,,439000,,,0.8958718776702881,23.46636390686035,23.29330825805664,23.4501895904541,0.02,0.0001
,,,,,439209,263.40546,300,,,,,,
,,,,,439542,272.0637,333,,,,,,
227.5096,36.199085,274.10156,154.11871,386.6,440000,,,1.6142308712005615,23.202730178833008,22.916290283203125,34.38450622558594,0.02,0.0001
,,,,,440092,246.22319,550,,,,,,
,,,,,440355,251.70149,263,,,,,,
,,,,,440716,268.04694,361,,,,,,
,,,,,441000,,,13.933605194091797,25.226810455322266,25.475337982177734,60.80870056152344,0.02,0.0001
,,,,,441306,194.79724,590,,,,,,
,,,,,441648,273.71747,342,,,,,,
,,,,,441949,262.74512,301,,,,,,
,,,,,442000,,,16.003738403320312,30.449325561523438,30.692241668701172,48.969024658203125,0.02,0.0001
,,,,,442471,208.6623,522,,,,,,
,,,,,442724,270.97968,253,,,,,,
,,,,,443000,,,0.8995788097381592,25.813129425048828,25.84398651123047,18.00511932373047,0.02,0.0001
,,,,,443081,260.63748,357,,,,,,
,,,,,443341,267.99167,260,,,,,,
,,,,,443660,230.93497,319,,,,,,
,,,,,444000,,,1.9283112287521362,17.359573364257812,17.273452758789062,42.13866424560547,0.02,0.0001
,,,,,444019,228.23174,359,,,,,,
,,,,,444507,265.77246,488,,,,,,
,,,,,444985,247.2078,478,,,,,,
,,,,,445000,,,0.674879789352417,23.062297821044922,23.094924926757812,9.44312572479248,0.02,0.0001
,,,,,445496,245.71814,511,,,,,,
,,,,,445780,262.3562,284,,,,,,
,,,,,446000,,,0.7863806486129761,20.680532455444336,20.470705032348633,32.754547119140625,0.02,0.0001
,,,,,446333,251.62817,553,,,,,,
,,,,,447000,,,1.044839859008789,30.067626953125,29.859182357788086,33.00807571411133,0.02,0.0001
,,,,,447025,161.09955,692,,,,,,
,,,,,447395,-30.420189,370,,,,,,
,,,,,447769,294.14282,374,,,,,,
,,,,,448000,,,4.25358772277832,27.03999900817871,27.21673583984375,28.848379135131836,0.02,0.0001
,,,,,448062,262.7121,293,,,,,,
,,,,,448639,261.8941,577,,,,,,
,,,,,449000,,,0.8964958786964417,28.709638595581055,28.359331130981445,44.42320251464844,0.02,0.0001
,,,,,449187,200.6269,548,,,,,,
,,,,,449501,269.6044,314,,,,,,
,,,,,449798,241.0633,297,,,,,,
247.1846,22.324772,278.24725,190.27286,332.0,450000,,,0.5289303660392761,35.329437255859375,35.23953628540039,14.159610748291016,0.02,0.0001
,,,,,450127,233.27875,329,,,,,,
,,,,,450433,255.68973,306,,,,,,
,,,,,450666,251.95728,233,,,,,,
,,,,,450936,236.08119,270,,,,,,
,,,,,451000,,,0.8118385076522827,19.599098205566406,19.548704147338867,16.98309326171875,0.02,0.0001
,,,,,451276,212.8368,340,,,,,,
,,,,,451532,240.02994,256,,,,,,
,,,,,451815,258.14008,283,,,,,,
,,,,,452000,,,0.834606409072876,29.050565719604492,28.87451934814453,26.959182739257812,0.02,0.0001
,,,,,452502,214.94562,687,,,,,,
,,,,,452779,252.00859,277,,,,,,
,,,,,453000,,,3.7215685844421387,29.042678833007812,29.314533233642578,40.746177673339844,0.02,0.0001
,,,,,453028,225.84592,249,,,,,,
,,,,,453486,208.22964,458,,,,,,
,,,,,453852,261.66858,366,,,,,,
,,,,,454000,,,6.08418607711792,31.846847534179688,31.855878829956055,37.32674026489258,0.02,0.0001
,,,,,454216,291.56738,364,,,,,,
,,,,,454551,277.0797,335,,,,,,
,,,,,455000,,,1.244378924369812,28.1246280670166,28.413616180419922,38.43807601928711,0.02,0.0001
,,,,,455026,224.33026,475,,,,,,
,,,,,455629,149.60759,603,,,,,,
,,,,,455883,245.35664,254,,,,,,
,,,,,456000,,,4.421905517578125,40.973480224609375,41.00322723388672,57.94126892089844,0.02,0.0001
,,,,,456445,186.20769,562,,,,,,
,,,,,456953,202.66599,508,,,,,,
,,,,,457000,,,0.8237608671188354,31.40576171875,31.532878875732422,17.55827522277832,0.02,0.0001
,,,,,457397,223.84042,444,,,,,,
,,,,,458000,,,1.8186784982681274,29.303264617919922,29.787784576416016,64.9961929321289,0.02,0.0001
,,,,,458149,125.466095,752,,,,,,
,,,,,458562,272.60992,413,,,,,,
,,,,,458970,269.4991,408,,,,,,
,,,,,459000,,,1.2634363174438477,30.368793487548828,30.469812393188477,24.679534912109375,0.02,0.0001
,,,,,459339,228.40855,369,,,,,,
,,,,,459831,218.65497,492,,,,,,
240.98581,23.37371,275.19226,187.5186,382.5,460000,,,7.4707932472229,32.50139617919922,32.6552734375,44.7862548828125,0.02,0.0001
,,,,,460513,178.85603,682,,,,,,
,,,,,460924,246.74571,411,,,,,,
,,,,,461000,,,2.2248411178588867,26.996801376342773,27.192577362060547,52.53185272216797,0.02,0.0001
,,,,,461320,206.81194,396,,,,,,
,,,,,461806,233.79074,486,,,,,,
,,,,,462000,,,0.7563271522521973,37.264678955078125,37.2017936706543,15.266312599182129,0.02,0.0001
,,,,,462178,232.6393,372,,,,,,
,,,,,462475,249.79999,297,,,,,,
,,,,,462874,271.29828,399,,,,,,
,,,,,463000,,,2.2685623168945312,32.70390319824219,32.07396697998047,73.29704284667969,0.02,0.0001
,,,,,463156,288.21286,282,,,,,,
,,,,,463432,226.72171,276,,,,,,
,,,,,463754,251.22972,322,,,,,,
,,,,,464000,,,0.8889549374580383,34.35044860839844,34.22321701049805,21.56889533996582,0.02,0.0001
,,,,,464234,116.84572,480,,,,,,
,,,,,464623,254.83861,389,,,,,,
,,,,,465000,,,7.558777332305908,39.56714630126953,39.89455032348633,49.81343460083008,0.02,0.0001
,,,,,465189,223.17554,566,,,,,,
,,,,,465539,232.31432,350,,,,,,
,,,,,466000,,,0.4586656987667084,28.963361740112305,28.967559814453125,11.881072044372559,0.02,0.0001
,,,,,466011,217.58514,472,,,,,,
,,,,,466323,224.78854,312,,,,,,
,,,,,466864,257.35815,541,,,,,,
,,,,,467000,,,9.676301002502441,31.93565559387207,32.03727340698242,63.61541748046875,0.02,0.0001
,,,,,467266,215.39081,402,,,,,,
,,,,,467673,257.07275,407,,,,,,
,,,,,468000,,,0.7121574878692627,31.691734313964844,31.832351684570312,25.687219619750977,0.02,0.0001
,,,,,468005,224.03021,332,,,,,,
,,,,,468282,237.74593,277,,,,,,
,,,,,468586,246.65616,304,,,,,,
,,,,,468867,246.84625,281,,,,,,
,,,,,469000,,,1.2794986963272095,33.26123046875,33.05552673339844,27.865074157714844,0.02,0.0001
,,,,,469113,271.7964,246,,,,,,
,,,,,469459,274.4538,346,,,,,,
,,,,,469802,260.32312,343,,,,,,
207.43147,60.98305,289.62,43.56211,506.5,470000,,,0.5999674797058105,32.41595458984375,32.17153549194336,29.383363723754883,0.02,0.0001
,,,,,470143,267.57465,341,,,,,,
,,,,,470412,248.4925,269,,,,,,
,,,,,470730,229.0522,318,,,,,,
,,,,,471000,,,1.3051042556762695,31.892541885375977,31.7586727142334,25.455947875976562,0.02,0.0001
,,,,,471003,260.61377,273,,,,,,
,,,,,471344,269.22034,341,,,,,,
,,,,,471631,257.94666,287,,,,,,
,,,,,471945,249.59674,314,,,,,,
,,,,,472000,,,1.0738521814346313,26.89041519165039,26.702896118164062,29.13060760498047,0.02,0.0001
,,,,,472241,228.70131,296,,,,,,
,,,,,472506,261.98254,265,,,,,,
,,,,,472916,201.11884,410,,,,,,
,,,,,473000,,,0.9024900197982788,31.152050018310547,31.01232147216797,19.61078453063965,0.02,0.0001
,,,,,473169,246.65222,253,,,,,,
,,,,,474000,,,5.150491237640381,28.2010498046875,28.113689422607422,63.89970397949219,0.02,0.0001
,,,,,474072,245.7082,903,,,,,,
,,,,,474447,266.0307,375,,,,,,
,,,,,474867,223.83264,420,,,,,,
,,,,,475000,,,1.382103443145752,28.931781768798828,28.74508285522461,26.123319625854492,0.02,0.0001
,,,,,475711,220.37799,844,,,,,,
,,,,,476000,,,4.2469892501831055,36.19526672363281,36.064659118652344,45.840492248535156,0.02,0.0001
,,,,,476125,279.36053,414,,,,,,
,,,,,476396,275.44815,271,,,,,,
,,,,,476633,265.6963,237,,,,,,
,,,,,476894,229.51111,261,,,,,,
,,,,,477000,,,1.2396702766418457,34.62582778930664,34.01564025878906,69.74866485595703,0.02,0.0001
,,,,,477184,229.72487,290,,,,,,
,,,,,477528,288.17548,344,,,,,,
,,,,,477782,-13.420349,254,,,,,,
,,,,,478000,,,1.8477802276611328,29.649364471435547,29.33938980102539,37.279823303222656,0.02,0.0001
,,,,,478211,209.59451,429,,,,,,
,,,,,478556,222.00757,345,,,,,,
,,,,,478869,253.87422,313,,,,,,
,,,,,479000,,,1.2432589530944824,24.95146942138672,24.931861877441406,14.676204681396484,0.02,0.0001
,,,,,479110,233.14616,241,,,,,,
,,,,,479337,239.99104,227,,,,,,
,,,,,479597,259.42978,260,,,,,,
,,,,,479854,285.49805,257,,,,,,
246.74187,27.594677,284.52924,200.5622,324.0,480000,,,1.2182000875473022,31.068496704101562,31.050582885742188,15.256155014038086,0.02,0.0001
,,,,,480118,239.1686,264,,,,,,
,,,,,480405,302.81763,287,,,,,,
,,,,,480636,211.30692,231,,,,,,
,,,,,480944,246.41307,308,,,,,,
,,,,,481000,,,0.887432336807251,31.02834129333496,31.0361328125,13.750740051269531,0.02,0.0001
,,,,,481128,265.76334,184,,,,,,
,,,,,481361,232.42258,233,,,,,,
,,,,,481742,221.752,381,,,,,,
,,,,,481995,235.98973,253,,,,,,
,,,,,482000,,,1.301864743232727,28.1162052154541,28.536964416503906,58.48323440551758,0.02,0.0001
,,,,,482282,275.33755,287,,,,,,
,,,,,482612,232.10585,330,,,,,,
,,,,,482960,256.29416,348,,,,,,
,,,,,483000,,,1.381526231765747,33.43694305419922,33.75230407714844,37.14370346069336,0.02,0.0001
,,,,,483362,250.83043,402,,,,,,
,,,,,483656,275.80185,294,,,,,,
,,,,,483902,270.96906,246,,,,,,
,,,,,484000,,,2.434114933013916,35.33041763305664,35.61582946777344,50.31360626220703,0.02,0.0001
,,,,,484691,131.17816,789,,,,,,
,,,,,484991,289.94095,300,,,,,,
,,,,,485000,,,12.43623161315918,26.654922485351562,26.771024703979492,106.14226531982422,0.02,0.0001
,,,,,485291,226.07373,300,,,,,,
,,,,,485575,241.30156,284,,,,,,
,,,,,485836,230.08075,261,,,,,,
,,,,,486000,,,0.6009817123413086,32.79861831665039,32.86369705200195,19.213088989257812,0.02,0.0001
,,,,,486254,212.99551,418,,,,,,
,,,,,486515,283.97046,261,,,,,,
,,,,,486866,275.09662,351,,,,,,
,,,,,487000,,,0.9633870124816895,36.00773620605469,35.964073181152344,20.087284088134766,0.02,0.0001
,,,,,487193,261.813,327,,,,,,
,,,,,487549,200.5457,356,,,,,,
,,,,,487878,270.16373,329,,,,,,
,,,,,488000,,,1.5520626306533813,38.17739486694336,38.533897399902344,42.88548278808594,0.02,0.0001
,,,,,488063,204.28738,185,,,,,,
,,,,,488488,233.35576,425,,,,,,
,,,,,488772,264.3828,284,,,,,,
,,,,,489000,,,40.86037826538086,27.916736602783203,28.964237213134766,165.14349365234375,0.02,0.0001
,,,,,489175,285.07724,403,,,,,,
,,,,,489482,260.17688,307,,,,,,
,,,,,489766,205.43369,284,,,,,,
199.7352,47.94801,262.86584,95.2735,512.3,490000,,,1.0743104219436646,31.915937423706055,31.894847869873047,15.560786247253418,0.02,0.0001
,,,,,490227,210.8785,461,,,,,,
,,,,,490496,288.13925,269,,,,,,
,,,,,490861,226.36143,365,,,,,,
,,,,,491000,,,2.085747718811035,30.62928009033203,30.595300674438477,35.357200622558594,0.02,0.0001
,,,,,491126,290.84763,265,,,,,,
,,,,,491370,267.7289,244,,,,,,
,,,,,491679,199.69809,309,,,,,,
,,,,,492000,,,1.5223779678344727,31.05307960510254,30.915122985839844,43.1086311340332,0.02,0.0001
,,,,,492022,175.51138,343,,,,,,
,,,,,492412,212.97128,390,,,,,,
,,,,,492725,180.66113,313,,,,,,
,,,,,493000,,,1.536032795906067,38.616859436035156,38.23001480102539,55.00408935546875,0.02,0.0001
,,,,,493624,70.24462,899,,,,,,
,,,,,493872,267.6897,248,,,,,,
,,,,,494000,,,0.8272196054458618,33.42271423339844,33.56907653808594,20.82640838623047,0.02,0.0001
,,,,,494203,286.17865,331,,,,,,
,,,,,494439,276.55212,236,,,,,,
,,,,,494881,261.1255,442,,,,,,
,,,,,495000,,,0.9675062894821167,32.47728729248047,32.601112365722656,29.520606994628906,0.02,0.0001
,,,,,495210,273.4544,329,,,,,,
,,,,,495616,265.5177,406,,,,,,
,,,,,495985,251.43536,369,,,,,,
,,,,,496000,,,1.5041407346725464,39.186279296875,39.20878601074219,23.34035873413086,0.02,0.0001
,,,,,496232,253.55176,247,,,,,,
,,,,,496479,254.38106,247,,,,,,
,,,,,496768,256.95822,289,,,,,,
,,,,,497000,,,352.4524230957031,30.33378791809082,27.87888526916504,507.13787841796875,0.02,0.0001
,,,,,497019,246.03125,251,,,,,,
,,,,,497299,267.5703,280,,,,,,
,,,,,497561,247.66675,262,,,,,,
,,,,,497828,234.2806,267,,,,,,
,,,,,498000,,,28.303043365478516,34.575157165527344,35.180789947509766,91.02507781982422,0.02,0.0001
,,,,,498067,229.65619,239,,,,,,
,,,,,498346,244.49957,279,,,,,,
,,,,,498693,255.78941,347,,,,,,
,,,,,499000,,,3.2500381469726562,30.86272430419922,30.976146697998047,32.07295608520508,0.02,0.0001
,,,,,499078,255.30197,385,,,,,,
,,,,,499495,224.30693,417,,,,,,
,,,,,499770,268.17926,275,,,,,,
